,Hours_Studied,Attendance,Sleep_Hours,Cluster,Cluster_Name
0,23,84,7,0,C1
1,19,64,8,2,C3
2,24,98,7,0,C1
3,29,89,8,0,C1
4,19,92,6,1,C2
5,19,88,8,0,C1
6,29,84,7,0,C1
7,25,78,6,1,C2
8,17,94,6,1,C2
9,23,98,8,0,C1
10,17,80,8,0,C1
11,17,97,6,1,C2
12,21,83,8,0,C1
13,9,82,8,0,C1
14,10,78,8,0,C1
15,17,68,8,2,C3
16,14,60,10,2,C3
17,22,70,6,2,C3
18,15,80,9,0,C1
19,12,75,7,2,C3
20,29,78,5,1,C2
21,19,99,6,1,C2
22,20,74,8,2,C3
23,11,78,8,0,C1
24,17,65,5,1,C2
25,21,62,6,2,C3
26,13,91,6,1,C2
27,22,83,6,1,C2
28,16,90,4,1,C2
29,18,66,4,1,C2
30,16,83,6,1,C2
31,31,70,7,2,C3
32,20,69,8,2,C3
33,14,60,5,2,C3
34,25,65,5,2,C3
35,13,72,6,1,C2
36,21,65,7,2,C3
37,8,99,9,0,C1
38,12,72,8,2,C3
39,21,65,6,2,C3
40,24,68,8,2,C3
41,21,84,6,1,C2
42,19,63,7,2,C3
43,18,94,7,0,C1
44,11,98,9,0,C1
45,16,70,8,2,C3
46,17,78,6,1,C2
47,26,61,6,2,C3
48,22,86,7,0,C1
49,9,77,5,1,C2
50,22,71,7,2,C3
51,18,68,7,2,C3
52,16,86,8,0,C1
53,24,77,8,2,C3
54,26,67,7,2,C3
55,26,88,5,1,C2
56,15,83,5,1,C2
57,18,94,6,1,C2
58,22,65,8,2,C3
59,26,91,8,0,C1
60,17,87,7,0,C1
61,19,65,10,2,C3
62,13,88,9,0,C1
63,13,78,9,0,C1
64,25,98,8,0,C1
65,28,66,8,2,C3
66,20,86,8,0,C1
67,26,75,4,1,C2
68,22,98,5,1,C2
69,16,73,7,2,C3
70,22,98,7,0,C1
71,29,96,7,0,C1
72,20,71,7,2,C3
73,29,92,4,1,C2
74,4,100,8,0,C1
75,25,70,7,2,C3
76,21,77,7,2,C3
77,18,81,8,0,C1
78,21,72,5,1,C2
79,8,61,7,2,C3
80,19,69,7,2,C3
81,22,71,6,2,C3
82,29,78,4,1,C2
83,17,67,5,1,C2
84,15,95,7,0,C1
85,17,88,7,0,C1
86,25,63,7,2,C3
87,22,86,6,1,C2
88,17,86,5,1,C2
89,23,98,7,0,C1
90,21,60,7,2,C3
91,26,70,8,2,C3
92,16,97,6,1,C2
93,18,97,4,1,C2
94,18,89,4,1,C2
95,11,91,6,1,C2
96,22,64,7,2,C3
97,22,81,7,0,C1
98,20,69,6,2,C3
99,19,67,5,1,C2
100,12,92,4,1,C2
101,17,65,8,2,C3
102,18,79,7,2,C3
103,15,98,6,1,C2
104,19,67,5,1,C2
105,22,99,6,1,C2
106,31,100,7,0,C1
107,21,82,7,0,C1
108,22,67,7,2,C3
109,20,73,9,2,C3
110,8,77,6,1,C2
111,20,72,9,2,C3
112,20,71,7,2,C3
113,35,99,7,0,C1
114,19,66,8,2,C3
115,22,89,6,1,C2
116,20,60,7,2,C3
117,13,84,5,1,C2
118,27,97,8,0,C1
119,25,72,8,2,C3
120,25,67,9,2,C3
121,15,86,7,0,C1
122,28,89,9,0,C1
123,12,88,6,1,C2
124,24,73,8,2,C3
125,33,70,6,2,C3
126,14,98,7,0,C1
127,17,97,8,0,C1
128,21,78,10,0,C1
129,17,94,8,0,C1
130,11,78,8,0,C1
131,20,77,6,1,C2
132,14,66,7,2,C3
133,23,77,7,2,C3
134,14,81,9,0,C1
135,29,61,7,2,C3
136,15,78,9,0,C1
137,18,91,5,1,C2
138,25,87,9,0,C1
139,13,85,6,1,C2
140,21,96,8,0,C1
141,28,61,6,2,C3
142,10,82,8,0,C1
143,21,91,6,1,C2
144,22,82,9,0,C1
145,25,73,8,2,C3
146,13,65,6,2,C3
147,12,96,8,0,C1
148,23,79,8,0,C1
149,22,95,6,1,C2
150,22,83,5,1,C2
151,22,87,5,1,C2
152,16,92,5,1,C2
153,21,86,5,1,C2
154,22,76,8,2,C3
155,16,81,8,0,C1
156,31,92,4,1,C2
157,23,75,6,1,C2
158,13,76,5,1,C2
159,24,64,8,2,C3
160,14,97,6,1,C2
161,25,64,5,2,C3
162,27,86,7,0,C1
163,15,77,8,2,C3
164,26,76,6,1,C2
165,22,87,7,0,C1
166,25,63,6,2,C3
167,31,84,9,0,C1
168,19,91,6,1,C2
169,15,93,6,1,C2
170,15,67,7,2,C3
171,15,96,7,0,C1
172,20,86,8,0,C1
173,22,95,9,0,C1
174,22,79,9,0,C1
175,25,82,6,1,C2
176,20,97,7,0,C1
177,29,96,9,0,C1
178,18,78,9,0,C1
179,36,71,6,2,C3
180,24,76,8,2,C3
181,15,76,8,2,C3
182,14,71,8,2,C3
183,23,71,9,2,C3
184,19,94,5,1,C2
185,24,63,6,2,C3
186,23,87,8,0,C1
187,20,67,7,2,C3
188,15,74,4,1,C2
189,11,62,5,2,C3
190,17,71,8,2,C3
191,25,91,8,0,C1
192,21,95,5,1,C2
193,13,69,9,2,C3
194,21,79,7,2,C3
195,22,79,5,1,C2
196,15,95,6,1,C2
197,21,91,5,1,C2
198,20,81,6,1,C2
199,13,87,4,1,C2
200,22,94,7,0,C1
201,23,60,8,2,C3
202,26,76,5,1,C2
203,26,96,7,0,C1
204,12,90,6,1,C2
205,14,82,8,0,C1
206,23,81,4,1,C2
207,23,74,8,2,C3
208,23,81,4,1,C2
209,43,86,7,0,C1
210,23,77,6,1,C2
211,27,89,6,1,C2
212,26,94,5,1,C2
213,24,66,9,2,C3
214,18,78,5,1,C2
215,25,76,5,1,C2
216,15,87,10,0,C1
217,19,70,7,2,C3
218,17,86,5,1,C2
219,20,95,7,0,C1
220,34,77,7,2,C3
221,9,96,4,1,C2
222,24,100,6,1,C2
223,10,64,7,2,C3
224,17,69,9,2,C3
225,27,98,7,0,C1
226,20,98,7,0,C1
227,14,64,6,2,C3
228,16,61,9,2,C3
229,24,66,8,2,C3
230,16,100,8,0,C1
231,21,67,7,2,C3
232,20,80,5,1,C2
233,16,94,9,0,C1
234,33,61,7,2,C3
235,24,84,7,0,C1
236,8,71,8,2,C3
237,21,94,7,0,C1
238,16,71,5,1,C2
239,25,87,7,0,C1
240,15,87,4,1,C2
241,19,69,7,2,C3
242,23,61,9,2,C3
243,25,76,4,1,C2
244,13,72,7,2,C3
245,18,92,8,0,C1
246,17,92,8,0,C1
247,16,78,6,1,C2
248,31,84,5,1,C2
249,22,84,6,1,C2
250,12,93,9,0,C1
251,26,77,4,1,C2
252,33,71,5,1,C2
253,26,71,6,2,C3
254,11,81,6,1,C2
255,17,78,7,2,C3
256,28,78,9,0,C1
257,16,64,5,2,C3
258,23,89,7,0,C1
259,25,69,7,2,C3
260,14,68,6,2,C3
261,20,77,5,1,C2
262,1,69,6,2,C3
263,14,83,6,1,C2
264,18,75,8,2,C3
265,13,78,8,0,C1
266,30,81,5,1,C2
267,11,68,6,2,C3
268,17,66,6,2,C3
269,21,95,10,0,C1
270,29,77,7,2,C3
271,11,76,5,1,C2
272,27,61,6,2,C3
273,20,80,6,1,C2
274,14,82,8,0,C1
275,23,82,8,0,C1
276,21,88,7,0,C1
277,16,67,7,2,C3
278,20,70,7,2,C3
279,18,92,7,0,C1
280,21,98,4,1,C2
281,24,65,7,2,C3
282,30,80,6,1,C2
283,13,69,5,1,C2
284,33,62,10,2,C3
285,8,73,7,2,C3
286,19,66,7,2,C3
287,24,88,6,1,C2
288,22,81,8,0,C1
289,16,66,5,1,C2
290,19,60,7,2,C3
291,17,92,6,1,C2
292,16,67,8,2,C3
293,25,84,6,1,C2
294,22,73,9,2,C3
295,16,83,7,0,C1
296,25,73,8,2,C3
297,22,63,8,2,C3
298,25,69,9,2,C3
299,24,68,6,2,C3
300,15,77,8,2,C3
301,17,86,4,1,C2
302,24,71,7,2,C3
303,24,60,6,2,C3
304,20,81,5,1,C2
305,21,84,6,1,C2
306,28,99,6,1,C2
307,16,84,7,0,C1
308,23,79,6,1,C2
309,19,83,7,0,C1
310,19,97,6,1,C2
311,27,93,6,1,C2
312,25,73,7,2,C3
313,25,69,7,2,C3
314,28,71,8,2,C3
315,20,80,8,0,C1
316,24,90,7,0,C1
317,18,80,8,0,C1
318,22,63,7,2,C3
319,19,89,7,0,C1
320,21,92,8,0,C1
321,24,72,6,2,C3
322,15,87,4,1,C2
323,33,77,5,1,C2
324,14,96,9,0,C1
325,13,94,7,0,C1
326,27,81,7,2,C3
327,25,88,7,0,C1
328,24,95,8,0,C1
329,24,80,7,2,C3
330,20,73,7,2,C3
331,15,90,8,0,C1
332,20,69,6,2,C3
333,16,76,8,2,C3
334,26,95,7,0,C1
335,19,89,7,0,C1
336,15,76,6,1,C2
337,18,69,7,2,C3
338,22,74,6,1,C2
339,17,71,9,2,C3
340,15,67,4,1,C2
341,21,90,8,0,C1
342,21,70,4,1,C2
343,17,78,8,2,C3
344,17,75,6,1,C2
345,21,99,8,0,C1
346,11,76,7,2,C3
347,12,63,5,2,C3
348,16,64,9,2,C3
349,19,84,8,0,C1
350,22,84,8,0,C1
351,29,77,6,1,C2
352,25,77,8,2,C3
353,19,62,5,2,C3
354,20,81,4,1,C2
355,14,80,5,1,C2
356,20,66,6,2,C3
357,18,64,6,2,C3
358,22,65,6,2,C3
359,15,64,6,2,C3
360,23,84,6,1,C2
361,29,68,4,1,C2
362,19,70,7,2,C3
363,22,67,7,2,C3
364,24,98,6,1,C2
365,18,94,9,0,C1
366,21,69,7,2,C3
367,20,73,7,2,C3
368,21,68,8,2,C3
369,15,80,5,1,C2
370,20,61,7,2,C3
371,23,87,8,0,C1
372,29,81,7,2,C3
373,26,96,5,1,C2
374,33,67,6,2,C3
375,15,92,7,0,C1
376,25,92,4,1,C2
377,21,65,5,2,C3
378,33,76,10,2,C3
379,15,67,8,2,C3
380,15,70,9,2,C3
381,16,71,8,2,C3
382,7,82,8,0,C1
383,17,76,7,2,C3
384,15,98,8,0,C1
385,21,65,9,2,C3
386,22,99,8,0,C1
387,31,69,7,2,C3
388,26,91,7,0,C1
389,17,74,8,2,C3
390,15,66,6,2,C3
391,23,94,8,0,C1
392,12,72,6,1,C2
393,31,86,6,1,C2
394,27,83,5,1,C2
395,17,79,6,1,C2
396,10,80,6,1,C2
397,28,89,10,0,C1
398,19,64,6,2,C3
399,27,87,8,0,C1
400,10,96,6,1,C2
401,16,62,7,2,C3
402,20,66,7,2,C3
403,20,89,4,1,C2
404,17,77,5,1,C2
405,24,76,6,1,C2
406,14,65,5,1,C2
407,19,80,7,2,C3
408,21,65,7,2,C3
409,23,79,5,1,C2
410,24,91,7,0,C1
411,13,70,6,2,C3
412,11,79,7,2,C3
413,28,100,6,1,C2
414,22,87,8,0,C1
415,16,94,9,0,C1
416,29,77,8,2,C3
417,21,91,9,0,C1
418,27,62,5,2,C3
419,20,65,6,2,C3
420,32,68,8,2,C3
421,31,76,9,2,C3
422,19,94,8,0,C1
423,26,74,5,1,C2
424,24,86,6,1,C2
425,28,88,8,0,C1
426,14,83,7,0,C1
427,24,74,6,2,C3
428,26,83,7,0,C1
429,9,74,7,2,C3
430,13,63,5,2,C3
431,8,100,8,0,C1
432,18,65,6,2,C3
433,24,63,7,2,C3
434,29,95,9,0,C1
435,20,72,7,2,C3
436,30,86,8,0,C1
437,12,73,5,1,C2
438,10,76,8,2,C3
439,20,70,8,2,C3
440,22,74,6,1,C2
441,20,76,7,2,C3
442,8,89,7,0,C1
443,19,80,7,2,C3
444,12,98,8,0,C1
445,24,62,6,2,C3
446,22,80,7,2,C3
447,14,83,9,0,C1
448,17,97,9,0,C1
449,14,62,8,2,C3
450,20,83,7,0,C1
451,26,94,10,0,C1
452,14,70,9,2,C3
453,23,95,7,0,C1
454,17,61,7,2,C3
455,15,89,6,1,C2
456,19,97,8,0,C1
457,14,86,8,0,C1
458,17,78,8,2,C3
459,13,62,7,2,C3
460,32,97,5,1,C2
461,20,79,7,2,C3
462,16,61,8,2,C3
463,21,88,6,1,C2
464,19,79,7,2,C3
465,19,65,9,2,C3
466,24,69,5,1,C2
467,25,63,7,2,C3
468,17,83,9,0,C1
469,17,85,7,0,C1
470,18,80,6,1,C2
471,6,93,7,0,C1
472,11,94,8,0,C1
473,28,85,7,0,C1
474,30,61,8,2,C3
475,19,88,7,0,C1
476,23,77,7,2,C3
477,22,83,8,0,C1
478,38,86,7,0,C1
479,27,74,6,2,C3
480,19,97,8,0,C1
481,14,65,7,2,C3
482,10,87,6,1,C2
483,21,60,8,2,C3
484,15,97,9,0,C1
485,11,65,7,2,C3
486,16,64,7,2,C3
487,14,73,5,1,C2
488,30,75,7,2,C3
489,25,69,7,2,C3
490,20,83,7,0,C1
491,29,78,6,1,C2
492,20,61,8,2,C3
493,15,73,7,2,C3
494,29,92,10,0,C1
495,23,88,7,0,C1
496,14,89,4,1,C2
497,19,88,5,1,C2
498,15,72,8,2,C3
499,12,64,6,2,C3
500,26,71,6,2,C3
501,31,93,5,1,C2
502,12,99,6,1,C2
503,23,80,7,2,C3
504,16,60,8,2,C3
505,17,66,5,1,C2
506,16,73,8,2,C3
507,15,83,5,1,C2
508,20,63,8,2,C3
509,15,98,8,0,C1
510,22,75,6,1,C2
511,20,97,5,1,C2
512,19,91,8,0,C1
513,15,90,6,1,C2
514,17,84,7,0,C1
515,25,85,8,0,C1
516,23,86,8,0,C1
517,14,85,6,1,C2
518,21,82,7,0,C1
519,25,99,6,1,C2
520,10,89,8,0,C1
521,23,91,9,0,C1
522,16,95,6,1,C2
523,23,69,7,2,C3
524,15,63,8,2,C3
525,9,79,7,2,C3
526,10,81,8,0,C1
527,20,93,7,0,C1
528,22,78,5,1,C2
529,15,83,7,0,C1
530,24,81,9,0,C1
531,10,62,7,2,C3
532,20,85,9,0,C1
533,13,93,4,1,C2
534,16,66,8,2,C3
535,20,84,6,1,C2
536,15,84,6,1,C2
537,18,67,9,2,C3
538,26,65,7,2,C3
539,17,99,6,1,C2
540,25,76,8,2,C3
541,13,69,4,1,C2
542,23,67,9,2,C3
543,29,87,10,0,C1
544,5,84,8,0,C1
545,15,86,8,0,C1
546,23,64,7,2,C3
547,19,96,5,1,C2
548,22,76,9,2,C3
549,16,73,8,2,C3
550,21,78,8,2,C3
551,19,76,8,2,C3
552,27,95,7,0,C1
553,22,97,6,1,C2
554,22,72,10,2,C3
555,18,95,7,0,C1
556,17,91,6,1,C2
557,17,97,9,0,C1
558,22,70,7,2,C3
559,17,83,7,0,C1
560,22,71,9,2,C3
561,32,93,8,0,C1
562,25,60,8,2,C3
563,18,83,5,1,C2
564,27,74,8,2,C3
565,18,73,5,1,C2
566,8,86,6,1,C2
567,14,94,7,0,C1
568,9,84,7,0,C1
569,18,94,8,0,C1
570,20,71,8,2,C3
571,30,81,8,0,C1
572,22,78,5,1,C2
573,19,60,10,2,C3
574,25,82,7,0,C1
575,7,86,9,0,C1
576,21,84,4,1,C2
577,25,89,7,0,C1
578,11,83,5,1,C2
579,27,63,6,2,C3
580,22,65,7,2,C3
581,18,84,6,1,C2
582,24,71,9,2,C3
583,34,63,10,2,C3
584,21,77,6,1,C2
585,21,82,6,1,C2
586,17,73,5,1,C2
587,15,89,9,0,C1
588,25,86,7,0,C1
589,15,73,7,2,C3
590,20,90,7,0,C1
591,17,86,7,0,C1
592,23,85,6,1,C2
593,22,82,7,0,C1
594,26,60,7,2,C3
595,17,88,8,0,C1
596,18,75,5,1,C2
597,14,98,7,0,C1
598,17,93,6,1,C2
599,22,84,7,0,C1
600,25,70,8,2,C3
601,14,68,6,2,C3
602,25,74,9,2,C3
603,28,79,4,1,C2
604,22,72,9,2,C3
605,31,81,9,0,C1
606,15,67,6,2,C3
607,13,99,6,1,C2
608,9,64,5,1,C2
609,29,97,8,0,C1
610,24,97,7,0,C1
611,20,81,6,1,C2
612,22,89,5,1,C2
613,13,77,10,0,C1
614,35,85,6,1,C2
615,21,74,7,2,C3
616,21,72,7,2,C3
617,24,83,6,1,C2
618,23,80,6,1,C2
619,21,83,6,1,C2
620,15,71,8,2,C3
621,23,75,6,1,C2
622,31,63,9,2,C3
623,28,62,6,2,C3
624,30,70,8,2,C3
625,17,63,4,1,C2
626,14,64,6,2,C3
627,19,93,6,1,C2
628,20,62,5,2,C3
629,27,86,7,0,C1
630,10,71,7,2,C3
631,29,95,4,1,C2
632,19,79,10,0,C1
633,17,72,7,2,C3
634,14,81,7,0,C1
635,10,75,9,2,C3
636,25,83,8,0,C1
637,20,65,7,2,C3
638,12,100,4,1,C2
639,12,77,8,2,C3
640,18,74,6,1,C2
641,30,88,9,0,C1
642,18,75,6,1,C2
643,11,93,6,1,C2
644,19,78,5,1,C2
645,18,89,5,1,C2
646,4,64,7,2,C3
647,20,94,7,0,C1
648,19,89,6,1,C2
649,24,68,10,2,C3
650,31,66,8,2,C3
651,27,73,7,2,C3
652,18,99,4,1,C2
653,13,70,8,2,C3
654,35,78,10,0,C1
655,20,61,7,2,C3
656,20,76,6,1,C2
657,20,83,7,0,C1
658,21,98,5,1,C2
659,19,81,8,0,C1
660,17,93,9,0,C1
661,17,82,6,1,C2
662,20,62,6,2,C3
663,17,73,7,2,C3
664,16,83,6,1,C2
665,21,98,5,1,C2
666,18,94,6,1,C2
667,29,69,6,2,C3
668,4,69,9,2,C3
669,27,68,9,2,C3
670,27,97,9,0,C1
671,8,94,8,0,C1
672,18,91,7,0,C1
673,18,76,6,1,C2
674,12,80,9,0,C1
675,15,79,8,0,C1
676,13,70,5,1,C2
677,31,80,6,1,C2
678,26,61,5,2,C3
679,28,65,4,1,C2
680,24,95,8,0,C1
681,13,90,5,1,C2
682,17,77,6,1,C2
683,23,81,7,0,C1
684,13,75,7,2,C3
685,24,90,6,1,C2
686,19,91,9,0,C1
687,18,91,5,1,C2
688,24,89,5,1,C2
689,23,68,8,2,C3
690,18,74,6,1,C2
691,27,79,6,1,C2
692,14,73,5,1,C2
693,24,90,8,0,C1
694,24,73,7,2,C3
695,18,66,7,2,C3
696,22,76,6,1,C2
697,12,99,6,1,C2
698,26,69,7,2,C3
699,19,84,8,0,C1
700,17,77,9,0,C1
701,26,63,9,2,C3
702,16,80,8,0,C1
703,12,88,8,0,C1
704,11,81,5,1,C2
705,24,95,6,1,C2
706,12,72,8,2,C3
707,31,63,7,2,C3
708,8,97,8,0,C1
709,30,75,8,2,C3
710,21,83,8,0,C1
711,19,92,5,1,C2
712,17,73,7,2,C3
713,22,89,6,1,C2
714,20,65,6,2,C3
715,27,72,4,1,C2
716,21,66,7,2,C3
717,21,92,4,1,C2
718,18,69,8,2,C3
719,20,89,9,0,C1
720,22,98,8,0,C1
721,10,81,7,0,C1
722,12,82,9,0,C1
723,24,78,7,2,C3
724,21,73,6,2,C3
725,19,79,7,2,C3
726,20,84,10,0,C1
727,22,99,5,1,C2
728,17,98,5,1,C2
729,15,94,8,0,C1
730,21,96,7,0,C1
731,14,79,6,1,C2
732,22,86,5,1,C2
733,10,96,4,1,C2
734,26,76,5,1,C2
735,23,98,9,0,C1
736,22,77,7,2,C3
737,26,84,4,1,C2
738,30,88,9,0,C1
739,26,98,9,0,C1
740,9,70,9,2,C3
741,12,90,6,1,C2
742,16,81,7,0,C1
743,20,71,7,2,C3
744,23,91,9,0,C1
745,16,82,6,1,C2
746,21,86,6,1,C2
747,15,73,8,2,C3
748,16,79,9,0,C1
749,12,85,7,0,C1
750,14,76,8,2,C3
751,12,68,7,2,C3
752,14,98,7,0,C1
753,26,80,6,1,C2
754,14,89,5,1,C2
755,36,76,6,2,C3
756,23,74,6,1,C2
757,21,76,7,2,C3
758,15,76,9,2,C3
759,24,82,7,0,C1
760,17,82,6,1,C2
761,21,80,8,0,C1
762,35,65,7,2,C3
763,19,80,8,0,C1
764,27,67,6,2,C3
765,16,65,9,2,C3
766,20,97,9,0,C1
767,31,84,7,0,C1
768,16,86,8,0,C1
769,31,76,9,2,C3
770,24,96,6,1,C2
771,17,86,7,0,C1
772,24,91,7,0,C1
773,26,75,5,1,C2
774,24,98,8,0,C1
775,11,93,9,0,C1
776,16,94,7,0,C1
777,19,67,8,2,C3
778,20,71,9,2,C3
779,24,71,6,2,C3
780,21,71,8,2,C3
781,12,94,6,1,C2
782,22,61,6,2,C3
783,24,63,8,2,C3
784,23,71,7,2,C3
785,26,68,8,2,C3
786,25,69,7,2,C3
787,23,92,8,0,C1
788,20,83,9,0,C1
789,10,60,9,2,C3
790,23,77,8,2,C3
791,21,76,8,2,C3
792,22,65,7,2,C3
793,12,87,7,0,C1
794,14,88,8,0,C1
795,26,89,7,0,C1
796,20,89,8,0,C1
797,24,60,9,2,C3
798,20,98,7,0,C1
799,20,93,4,1,C2
800,26,96,10,0,C1
801,17,61,6,2,C3
802,21,97,7,0,C1
803,17,92,8,0,C1
804,17,93,9,0,C1
805,18,64,10,2,C3
806,21,90,6,1,C2
807,17,98,9,0,C1
808,28,87,7,0,C1
809,15,83,10,0,C1
810,19,98,9,0,C1
811,17,78,7,2,C3
812,29,84,6,1,C2
813,21,79,4,1,C2
814,26,97,8,0,C1
815,11,63,9,2,C3
816,22,80,8,0,C1
817,25,87,4,1,C2
818,20,92,5,1,C2
819,26,83,8,0,C1
820,17,96,10,0,C1
821,28,98,7,0,C1
822,34,63,9,2,C3
823,18,76,5,1,C2
824,17,61,7,2,C3
825,29,73,7,2,C3
826,29,81,9,0,C1
827,17,96,6,1,C2
828,17,94,10,0,C1
829,18,65,7,2,C3
830,12,64,5,1,C2
831,14,84,5,1,C2
832,14,81,6,1,C2
833,15,71,8,2,C3
834,20,96,6,1,C2
835,21,97,6,1,C2
836,29,76,8,2,C3
837,14,96,4,1,C2
838,26,75,6,1,C2
839,19,89,5,1,C2
840,20,79,6,1,C2
841,24,65,7,2,C3
842,13,97,7,0,C1
843,22,78,7,2,C3
844,21,89,9,0,C1
845,23,75,7,2,C3
846,22,61,10,2,C3
847,35,64,8,2,C3
848,16,80,6,1,C2
849,17,88,10,0,C1
850,16,73,7,2,C3
851,17,88,10,0,C1
852,16,88,7,0,C1
853,27,88,7,0,C1
854,29,80,8,0,C1
855,17,97,7,0,C1
856,15,80,9,0,C1
857,23,78,10,0,C1
858,17,68,4,1,C2
859,24,72,8,2,C3
860,21,62,6,2,C3
861,11,85,4,1,C2
862,29,70,8,2,C3
863,31,72,8,2,C3
864,16,91,8,0,C1
865,18,73,8,2,C3
866,22,70,8,2,C3
867,22,67,6,2,C3
868,24,91,7,0,C1
869,32,65,8,2,C3
870,19,78,9,0,C1
871,15,80,7,0,C1
872,12,87,7,0,C1
873,16,85,7,0,C1
874,20,92,5,1,C2
875,31,62,8,2,C3
876,17,72,5,1,C2
877,21,71,8,2,C3
878,20,66,7,2,C3
879,27,72,5,1,C2
880,35,72,5,1,C2
881,17,81,6,1,C2
882,17,87,6,1,C2
883,26,75,9,2,C3
884,24,89,7,0,C1
885,31,73,8,2,C3
886,24,72,9,2,C3
887,18,82,9,0,C1
888,24,61,7,2,C3
889,27,63,6,2,C3
890,25,77,8,2,C3
891,23,98,6,1,C2
892,26,89,10,0,C1
893,27,64,8,2,C3
894,28,94,7,0,C1
895,24,89,8,0,C1
896,19,84,7,0,C1
897,21,93,6,1,C2
898,27,76,8,2,C3
899,15,69,7,2,C3
900,22,80,10,0,C1
901,18,82,6,1,C2
902,20,82,8,0,C1
903,28,83,6,1,C2
904,21,98,6,1,C2
905,20,96,4,1,C2
906,12,95,8,0,C1
907,24,92,6,1,C2
908,24,98,9,0,C1
909,33,64,8,2,C3
910,18,71,7,2,C3
911,21,80,5,1,C2
912,21,94,8,0,C1
913,29,80,6,1,C2
914,19,90,5,1,C2
915,22,66,8,2,C3
916,24,70,5,1,C2
917,21,89,4,1,C2
918,17,67,9,2,C3
919,21,74,6,1,C2
920,26,71,4,1,C2
921,14,74,6,1,C2
922,21,88,6,1,C2
923,16,75,9,2,C3
924,27,82,5,1,C2
925,11,64,5,1,C2
926,17,92,8,0,C1
927,22,75,6,1,C2
928,29,86,7,0,C1
929,20,89,6,1,C2
930,17,68,10,2,C3
931,31,95,5,1,C2
932,11,85,7,0,C1
933,7,77,9,0,C1
934,23,67,6,2,C3
935,17,98,6,1,C2
936,14,90,8,0,C1
937,24,68,9,2,C3
938,21,74,6,1,C2
939,17,92,9,0,C1
940,12,88,7,0,C1
941,25,91,8,0,C1
942,24,78,9,0,C1
943,19,89,8,0,C1
944,31,75,7,2,C3
945,14,68,6,2,C3
946,11,85,10,0,C1
947,16,99,6,1,C2
948,20,72,7,2,C3
949,21,78,8,2,C3
950,19,87,8,0,C1
951,22,82,10,0,C1
952,12,94,7,0,C1
953,29,90,7,0,C1
954,20,62,9,2,C3
955,27,100,7,0,C1
956,22,90,8,0,C1
957,23,95,7,0,C1
958,23,86,8,0,C1
959,23,94,8,0,C1
960,24,64,6,2,C3
961,28,74,4,1,C2
962,21,95,4,1,C2
963,24,68,4,1,C2
964,19,63,7,2,C3
965,29,92,4,1,C2
966,16,93,7,0,C1
967,31,67,7,2,C3
968,20,94,8,0,C1
969,11,87,8,0,C1
970,21,81,8,0,C1
971,16,93,8,0,C1
972,25,77,7,2,C3
973,16,68,7,2,C3
974,17,71,6,2,C3
975,9,80,7,0,C1
976,17,81,5,1,C2
977,5,92,9,0,C1
978,10,92,6,1,C2
979,25,83,7,0,C1
980,25,91,7,0,C1
981,23,68,9,2,C3
982,14,62,4,1,C2
983,20,95,7,0,C1
984,20,63,8,2,C3
985,13,70,10,2,C3
986,29,88,7,0,C1
987,25,76,6,1,C2
988,19,95,10,0,C1
989,20,72,8,2,C3
990,21,60,9,2,C3
991,8,72,5,1,C2
992,19,83,8,0,C1
993,16,75,5,1,C2
994,14,81,5,1,C2
995,18,95,8,0,C1
996,31,96,8,0,C1
997,24,71,6,2,C3
998,17,78,9,0,C1
999,23,82,6,1,C2
1000,28,98,7,0,C1
1001,26,100,7,0,C1
1002,20,69,7,2,C3
1003,16,89,9,0,C1
1004,24,75,5,1,C2
1005,22,60,6,2,C3
1006,25,60,5,2,C3
1007,24,78,10,0,C1
1008,26,80,7,2,C3
1009,17,61,6,2,C3
1010,28,87,7,0,C1
1011,21,72,8,2,C3
1012,32,82,8,0,C1
1013,16,72,6,2,C3
1014,30,67,6,2,C3
1015,21,76,5,1,C2
1016,16,69,7,2,C3
1017,17,81,9,0,C1
1018,18,68,6,2,C3
1019,23,80,8,0,C1
1020,23,66,6,2,C3
1021,17,87,5,1,C2
1022,20,90,8,0,C1
1023,33,64,10,2,C3
1024,30,79,8,2,C3
1025,23,63,6,2,C3
1026,20,84,6,1,C2
1027,21,71,10,2,C3
1028,24,81,7,0,C1
1029,14,81,6,1,C2
1030,18,97,7,0,C1
1031,10,82,7,0,C1
1032,22,83,8,0,C1
1033,24,76,9,2,C3
1034,17,98,9,0,C1
1035,29,91,7,0,C1
1036,13,71,7,2,C3
1037,11,94,8,0,C1
1038,21,77,6,1,C2
1039,26,93,8,0,C1
1040,30,93,7,0,C1
1041,17,68,8,2,C3
1042,26,88,10,0,C1
1043,20,72,8,2,C3
1044,19,72,7,2,C3
1045,25,72,6,2,C3
1046,24,89,7,0,C1
1047,11,69,5,1,C2
1048,29,60,8,2,C3
1049,28,89,4,1,C2
1050,16,67,8,2,C3
1051,22,64,8,2,C3
1052,23,70,7,2,C3
1053,22,75,6,1,C2
1054,17,79,7,2,C3
1055,16,62,4,1,C2
1056,20,99,8,0,C1
1057,27,89,7,0,C1
1058,23,73,9,2,C3
1059,18,73,8,2,C3
1060,25,78,7,2,C3
1061,3,85,8,0,C1
1062,27,66,6,2,C3
1063,10,68,6,2,C3
1064,18,94,7,0,C1
1065,13,70,7,2,C3
1066,12,75,6,1,C2
1067,27,95,7,0,C1
1068,17,87,7,0,C1
1069,22,74,10,2,C3
1070,20,87,7,0,C1
1071,23,61,6,2,C3
1072,20,89,7,0,C1
1073,12,79,9,0,C1
1074,26,93,9,0,C1
1075,17,98,10,0,C1
1076,11,97,7,0,C1
1077,17,96,8,0,C1
1078,29,80,5,1,C2
1079,25,74,6,2,C3
1080,18,79,5,1,C2
1081,18,88,8,0,C1
1082,18,95,7,0,C1
1083,32,68,7,2,C3
1084,22,97,6,1,C2
1085,23,93,8,0,C1
1086,26,99,4,1,C2
1087,21,95,7,0,C1
1088,18,71,7,2,C3
1089,19,64,4,1,C2
1090,20,64,8,2,C3
1091,20,72,7,2,C3
1092,24,85,8,0,C1
1093,20,92,10,0,C1
1094,24,96,7,0,C1
1095,20,85,8,0,C1
1096,20,60,9,2,C3
1097,8,67,8,2,C3
1098,25,64,6,2,C3
1099,22,75,5,1,C2
1100,26,80,8,0,C1
1101,3,62,6,2,C3
1102,33,74,9,2,C3
1103,19,67,6,2,C3
1104,27,86,7,0,C1
1105,14,79,5,1,C2
1106,24,80,6,1,C2
1107,14,77,6,1,C2
1108,16,98,6,1,C2
1109,31,69,7,2,C3
1110,19,81,6,1,C2
1111,21,89,10,0,C1
1112,25,82,8,0,C1
1113,23,97,9,0,C1
1114,21,75,7,2,C3
1115,22,79,7,2,C3
1116,34,64,6,2,C3
1117,20,84,10,0,C1
1118,21,72,7,2,C3
1119,26,66,6,2,C3
1120,27,82,6,1,C2
1121,27,81,8,0,C1
1122,24,63,9,2,C3
1123,13,88,9,0,C1
1124,30,85,6,1,C2
1125,13,68,6,2,C3
1126,22,79,9,0,C1
1127,15,89,10,0,C1
1128,20,81,7,0,C1
1129,22,76,9,2,C3
1130,22,73,5,1,C2
1131,23,84,6,1,C2
1132,30,98,5,1,C2
1133,23,87,8,0,C1
1134,19,63,7,2,C3
1135,26,78,7,2,C3
1136,27,96,9,0,C1
1137,13,64,6,2,C3
1138,24,100,7,0,C1
1139,24,98,5,1,C2
1140,18,63,9,2,C3
1141,28,97,9,0,C1
1142,19,75,8,2,C3
1143,21,94,7,0,C1
1144,19,77,6,1,C2
1145,20,78,5,1,C2
1146,13,85,7,0,C1
1147,11,91,8,0,C1
1148,30,61,10,2,C3
1149,15,84,6,1,C2
1150,14,67,7,2,C3
1151,7,74,9,2,C3
1152,16,74,9,2,C3
1153,12,79,6,1,C2
1154,30,73,7,2,C3
1155,26,64,6,2,C3
1156,16,66,6,2,C3
1157,34,61,9,2,C3
1158,26,79,7,2,C3
1159,18,98,7,0,C1
1160,5,65,7,2,C3
1161,34,98,7,0,C1
1162,12,89,7,0,C1
1163,10,85,6,1,C2
1164,26,86,9,0,C1
1165,35,93,6,1,C2
1166,28,64,6,2,C3
1167,23,80,7,2,C3
1168,24,88,10,0,C1
1169,25,83,6,1,C2
1170,25,93,8,0,C1
1171,22,63,7,2,C3
1172,21,88,7,0,C1
1173,20,81,8,0,C1
1174,15,75,4,1,C2
1175,18,74,6,1,C2
1176,10,85,8,0,C1
1177,19,96,7,0,C1
1178,14,80,7,0,C1
1179,13,93,8,0,C1
1180,21,76,6,1,C2
1181,28,64,9,2,C3
1182,26,62,8,2,C3
1183,11,62,7,2,C3
1184,14,75,8,2,C3
1185,26,73,9,2,C3
1186,14,89,6,1,C2
1187,19,90,8,0,C1
1188,23,62,10,2,C3
1189,14,69,8,2,C3
1190,21,71,7,2,C3
1191,12,82,10,0,C1
1192,16,66,7,2,C3
1193,22,65,9,2,C3
1194,10,98,6,1,C2
1195,23,92,9,0,C1
1196,20,67,6,2,C3
1197,23,76,7,2,C3
1198,21,74,6,1,C2
1199,28,92,10,0,C1
1200,21,80,7,2,C3
1201,17,65,5,1,C2
1202,21,90,7,0,C1
1203,23,76,8,2,C3
1204,20,71,7,2,C3
1205,20,75,6,1,C2
1206,16,80,9,0,C1
1207,16,74,9,2,C3
1208,12,70,5,1,C2
1209,30,76,6,1,C2
1210,13,61,7,2,C3
1211,16,91,6,1,C2
1212,16,67,8,2,C3
1213,25,62,10,2,C3
1214,18,86,6,1,C2
1215,27,91,9,0,C1
1216,16,93,5,1,C2
1217,22,80,8,0,C1
1218,15,68,6,2,C3
1219,33,89,8,0,C1
1220,13,88,4,1,C2
1221,22,70,5,1,C2
1222,24,96,8,0,C1
1223,22,64,6,2,C3
1224,19,99,7,0,C1
1225,19,94,10,0,C1
1226,20,88,7,0,C1
1227,19,98,8,0,C1
1228,26,89,6,1,C2
1229,33,68,5,1,C2
1230,17,78,7,2,C3
1231,12,63,5,2,C3
1232,19,76,6,1,C2
1233,35,90,7,0,C1
1234,15,75,7,2,C3
1235,30,73,8,2,C3
1236,30,84,8,0,C1
1237,17,95,5,1,C2
1238,23,62,6,2,C3
1239,30,75,4,1,C2
1240,18,66,6,2,C3
1241,19,88,8,0,C1
1242,17,64,9,2,C3
1243,14,87,7,0,C1
1244,16,71,9,2,C3
1245,13,68,8,2,C3
1246,20,97,7,0,C1
1247,15,61,6,2,C3
1248,21,78,4,1,C2
1249,11,61,9,2,C3
1250,22,79,7,2,C3
1251,25,80,9,0,C1
1252,8,73,6,1,C2
1253,22,65,10,2,C3
1254,27,75,7,2,C3
1255,13,87,6,1,C2
1256,30,91,7,0,C1
1257,23,81,7,0,C1
1258,16,84,7,0,C1
1259,20,68,6,2,C3
1260,23,71,4,1,C2
1261,20,66,6,2,C3
1262,23,70,9,2,C3
1263,14,69,6,2,C3
1264,21,81,4,1,C2
1265,12,83,5,1,C2
1266,19,98,7,0,C1
1267,15,68,6,2,C3
1268,16,86,7,0,C1
1269,27,93,6,1,C2
1270,27,82,9,0,C1
1271,24,70,8,2,C3
1272,13,71,10,2,C3
1273,18,62,6,2,C3
1274,27,72,7,2,C3
1275,21,90,9,0,C1
1276,34,62,8,2,C3
1277,22,69,6,2,C3
1278,21,88,8,0,C1
1279,18,91,8,0,C1
1280,21,78,4,1,C2
1281,19,88,6,1,C2
1282,24,76,7,2,C3
1283,26,66,9,2,C3
1284,15,76,8,2,C3
1285,12,83,6,1,C2
1286,9,98,6,1,C2
1287,23,63,8,2,C3
1288,13,80,4,1,C2
1289,7,73,6,1,C2
1290,22,80,9,0,C1
1291,35,61,7,2,C3
1292,20,73,6,2,C3
1293,25,93,5,1,C2
1294,20,82,8,0,C1
1295,19,78,7,2,C3
1296,26,71,7,2,C3
1297,18,72,8,2,C3
1298,22,75,7,2,C3
1299,22,93,7,0,C1
1300,16,99,5,1,C2
1301,26,78,5,1,C2
1302,19,76,8,2,C3
1303,15,94,8,0,C1
1304,23,77,8,2,C3
1305,15,82,6,1,C2
1306,20,69,8,2,C3
1307,20,90,6,1,C2
1308,27,81,9,0,C1
1309,23,92,6,1,C2
1310,20,91,6,1,C2
1311,25,69,7,2,C3
1312,28,89,8,0,C1
1313,23,92,7,0,C1
1314,20,74,7,2,C3
1315,12,67,6,2,C3
1316,14,60,7,2,C3
1317,18,78,7,2,C3
1318,16,74,6,1,C2
1319,19,82,7,0,C1
1320,20,68,7,2,C3
1321,23,94,10,0,C1
1322,20,70,6,2,C3
1323,23,69,6,2,C3
1324,20,79,7,2,C3
1325,8,80,6,1,C2
1326,14,69,5,1,C2
1327,19,71,5,1,C2
1328,13,67,6,2,C3
1329,24,89,6,1,C2
1330,29,91,5,1,C2
1331,27,78,7,2,C3
1332,19,89,4,1,C2
1333,29,89,8,0,C1
1334,21,66,6,2,C3
1335,18,99,6,1,C2
1336,16,93,8,0,C1
1337,18,68,8,2,C3
1338,18,67,6,2,C3
1339,21,65,8,2,C3
1340,21,66,9,2,C3
1341,20,90,5,1,C2
1342,23,79,8,0,C1
1343,27,91,5,1,C2
1344,26,90,9,0,C1
1345,11,84,6,1,C2
1346,5,87,6,1,C2
1347,26,61,9,2,C3
1348,12,72,8,2,C3
1349,19,86,6,1,C2
1350,13,60,7,2,C3
1351,9,61,6,2,C3
1352,23,94,5,1,C2
1353,25,87,7,0,C1
1354,17,71,6,2,C3
1355,4,88,6,1,C2
1356,17,92,9,0,C1
1357,22,72,6,2,C3
1358,11,61,7,2,C3
1359,21,97,9,0,C1
1360,20,74,7,2,C3
1361,23,64,6,2,C3
1362,21,80,7,2,C3
1363,14,91,8,0,C1
1364,27,69,8,2,C3
1365,19,71,10,2,C3
1366,20,70,6,2,C3
1367,14,100,7,0,C1
1368,17,68,5,1,C2
1369,15,83,8,0,C1
1370,19,97,7,0,C1
1371,30,66,7,2,C3
1372,12,99,6,1,C2
1373,10,98,6,1,C2
1374,29,95,7,0,C1
1375,19,69,6,2,C3
1376,16,85,7,0,C1
1377,26,90,7,0,C1
1378,16,99,5,1,C2
1379,31,67,5,2,C3
1380,24,91,6,1,C2
1381,17,74,9,2,C3
1382,33,67,6,2,C3
1383,16,77,7,2,C3
1384,24,92,5,1,C2
1385,22,79,6,1,C2
1386,28,82,5,1,C2
1387,29,100,8,0,C1
1388,20,76,5,1,C2
1389,15,85,8,0,C1
1390,23,75,8,2,C3
1391,16,76,7,2,C3
1392,32,88,8,0,C1
1393,21,98,10,0,C1
1394,18,82,8,0,C1
1395,21,91,5,1,C2
1396,12,64,9,2,C3
1397,14,68,7,2,C3
1398,27,80,10,0,C1
1399,16,61,6,2,C3
1400,14,70,9,2,C3
1401,23,81,7,0,C1
1402,27,61,10,2,C3
1403,24,71,7,2,C3
1404,26,81,10,0,C1
1405,15,83,8,0,C1
1406,11,97,8,0,C1
1407,29,86,10,0,C1
1408,18,77,6,1,C2
1409,18,97,8,0,C1
1410,28,91,7,0,C1
1411,23,68,7,2,C3
1412,23,65,7,2,C3
1413,33,87,8,0,C1
1414,16,82,8,0,C1
1415,26,92,6,1,C2
1416,20,90,7,0,C1
1417,22,85,4,1,C2
1418,29,99,8,0,C1
1419,23,81,10,0,C1
1420,23,65,7,2,C3
1421,26,93,5,1,C2
1422,18,70,8,2,C3
1423,15,91,6,1,C2
1424,14,98,7,0,C1
1425,8,88,8,0,C1
1426,32,84,8,0,C1
1427,13,78,9,0,C1
1428,19,75,7,2,C3
1429,18,74,7,2,C3
1430,22,85,8,0,C1
1431,25,90,7,0,C1
1432,25,87,6,1,C2
1433,17,68,8,2,C3
1434,19,80,5,1,C2
1435,22,92,7,0,C1
1436,19,79,5,1,C2
1437,30,81,6,1,C2
1438,23,91,6,1,C2
1439,24,86,6,1,C2
1440,24,76,9,2,C3
1441,27,96,9,0,C1
1442,21,67,9,2,C3
1443,12,100,7,0,C1
1444,22,65,6,2,C3
1445,16,61,8,2,C3
1446,17,96,7,0,C1
1447,24,70,7,2,C3
1448,27,89,4,1,C2
1449,20,92,8,0,C1
1450,22,94,8,0,C1
1451,30,100,7,0,C1
1452,21,72,8,2,C3
1453,36,88,8,0,C1
1454,23,65,6,2,C3
1455,9,76,7,2,C3
1456,25,94,5,1,C2
1457,22,75,9,2,C3
1458,28,84,8,0,C1
1459,24,80,6,1,C2
1460,19,86,8,0,C1
1461,13,99,7,0,C1
1462,19,62,6,2,C3
1463,15,83,7,0,C1
1464,17,95,8,0,C1
1465,24,79,8,0,C1
1466,30,63,10,2,C3
1467,22,82,7,0,C1
1468,13,73,7,2,C3
1469,23,66,8,2,C3
1470,27,94,7,0,C1
1471,16,81,6,1,C2
1472,19,97,6,1,C2
1473,20,92,4,1,C2
1474,15,88,8,0,C1
1475,24,60,5,2,C3
1476,19,77,6,1,C2
1477,23,68,7,2,C3
1478,15,96,7,0,C1
1479,17,67,10,2,C3
1480,24,71,5,1,C2
1481,18,81,10,0,C1
1482,30,71,9,2,C3
1483,18,68,8,2,C3
1484,21,84,9,0,C1
1485,26,64,8,2,C3
1486,11,62,4,1,C2
1487,9,75,8,2,C3
1488,11,89,5,1,C2
1489,28,82,6,1,C2
1490,17,77,7,2,C3
1491,35,83,6,1,C2
1492,17,75,8,2,C3
1493,21,97,7,0,C1
1494,29,62,8,2,C3
1495,32,87,7,0,C1
1496,32,96,7,0,C1
1497,27,92,6,1,C2
1498,26,67,5,1,C2
1499,24,72,7,2,C3
1500,25,89,6,1,C2
1501,17,63,9,2,C3
1502,15,92,5,1,C2
1503,20,89,10,0,C1
1504,19,89,7,0,C1
1505,17,64,7,2,C3
1506,24,89,6,1,C2
1507,26,87,8,0,C1
1508,21,93,7,0,C1
1509,29,62,7,2,C3
1510,13,61,8,2,C3
1511,19,75,8,2,C3
1512,16,66,9,2,C3
1513,9,82,8,0,C1
1514,20,97,6,1,C2
1515,19,76,4,1,C2
1516,29,94,7,0,C1
1517,24,60,7,2,C3
1518,14,67,10,2,C3
1519,31,61,7,2,C3
1520,27,73,8,2,C3
1521,23,96,8,0,C1
1522,19,64,8,2,C3
1523,14,84,8,0,C1
1524,18,78,6,1,C2
1525,27,98,6,1,C2
1526,31,65,7,2,C3
1527,29,68,4,1,C2
1528,17,61,7,2,C3
1529,13,77,6,1,C2
1530,21,71,7,2,C3
1531,9,95,7,0,C1
1532,22,84,5,1,C2
1533,19,85,9,0,C1
1534,17,81,7,0,C1
1535,10,64,8,2,C3
1536,23,78,7,2,C3
1537,17,100,8,0,C1
1538,13,93,5,1,C2
1539,3,96,9,0,C1
1540,20,93,8,0,C1
1541,31,64,7,2,C3
1542,30,69,7,2,C3
1543,17,60,9,2,C3
1544,16,72,6,2,C3
1545,23,64,5,2,C3
1546,14,79,6,1,C2
1547,22,87,7,0,C1
1548,25,95,7,0,C1
1549,27,90,9,0,C1
1550,19,98,6,1,C2
1551,19,62,6,2,C3
1552,15,60,5,2,C3
1553,15,86,8,0,C1
1554,19,72,5,1,C2
1555,22,70,8,2,C3
1556,25,73,6,2,C3
1557,15,71,6,2,C3
1558,29,80,10,0,C1
1559,18,78,9,0,C1
1560,20,80,7,2,C3
1561,16,87,5,1,C2
1562,5,75,10,0,C1
1563,25,70,7,2,C3
1564,24,67,7,2,C3
1565,18,74,8,2,C3
1566,20,90,4,1,C2
1567,23,90,6,1,C2
1568,11,87,7,0,C1
1569,17,69,7,2,C3
1570,25,84,5,1,C2
1571,12,83,7,0,C1
1572,22,79,7,2,C3
1573,12,82,10,0,C1
1574,23,80,9,0,C1
1575,20,83,7,0,C1
1576,10,89,7,0,C1
1577,27,64,9,2,C3
1578,16,90,7,0,C1
1579,15,65,5,1,C2
1580,21,63,10,2,C3
1581,27,99,6,1,C2
1582,14,98,10,0,C1
1583,20,62,8,2,C3
1584,23,78,6,1,C2
1585,24,67,4,1,C2
1586,21,79,8,0,C1
1587,18,93,5,1,C2
1588,15,98,8,0,C1
1589,21,85,10,0,C1
1590,14,74,5,1,C2
1591,2,84,8,0,C1
1592,23,72,6,2,C3
1593,25,96,9,0,C1
1594,6,95,7,0,C1
1595,14,82,7,0,C1
1596,24,73,9,2,C3
1597,32,72,8,2,C3
1598,20,61,6,2,C3
1599,16,93,10,0,C1
1600,19,78,5,1,C2
1601,28,73,7,2,C3
1602,16,79,6,1,C2
1603,15,93,5,1,C2
1604,17,65,5,1,C2
1605,14,94,7,0,C1
1606,21,96,8,0,C1
1607,30,98,9,0,C1
1608,22,76,9,2,C3
1609,18,69,7,2,C3
1610,18,75,6,1,C2
1611,11,73,9,2,C3
1612,25,67,6,2,C3
1613,20,84,5,1,C2
1614,19,79,8,0,C1
1615,39,95,9,0,C1
1616,22,61,6,2,C3
1617,15,86,10,0,C1
1618,17,91,8,0,C1
1619,27,90,8,0,C1
1620,21,95,6,1,C2
1621,11,89,9,0,C1
1622,26,97,5,1,C2
1623,16,73,6,1,C2
1624,31,80,6,1,C2
1625,26,61,5,2,C3
1626,17,60,8,2,C3
1627,28,70,8,2,C3
1628,20,64,8,2,C3
1629,25,70,7,2,C3
1630,23,67,8,2,C3
1631,15,61,7,2,C3
1632,16,96,6,1,C2
1633,26,60,6,2,C3
1634,18,89,4,1,C2
1635,18,66,9,2,C3
1636,14,96,9,0,C1
1637,23,96,10,0,C1
1638,32,86,6,1,C2
1639,14,87,6,1,C2
1640,20,60,4,1,C2
1641,28,99,8,0,C1
1642,20,95,8,0,C1
1643,23,96,9,0,C1
1644,14,86,6,1,C2
1645,23,74,8,2,C3
1646,19,96,6,1,C2
1647,26,72,9,2,C3
1648,27,83,8,0,C1
1649,36,64,5,2,C3
1650,23,97,7,0,C1
1651,22,66,4,1,C2
1652,21,69,5,1,C2
1653,18,82,5,1,C2
1654,22,91,6,1,C2
1655,18,85,7,0,C1
1656,21,69,7,2,C3
1657,28,60,7,2,C3
1658,14,90,7,0,C1
1659,27,99,7,0,C1
1660,28,92,5,1,C2
1661,19,78,7,2,C3
1662,7,96,9,0,C1
1663,16,76,7,2,C3
1664,28,81,8,0,C1
1665,20,79,8,0,C1
1666,14,78,8,0,C1
1667,17,91,7,0,C1
1668,25,81,8,0,C1
1669,23,73,8,2,C3
1670,19,70,8,2,C3
1671,18,62,8,2,C3
1672,18,83,5,1,C2
1673,14,69,5,1,C2
1674,30,66,6,2,C3
1675,18,86,9,0,C1
1676,27,87,7,0,C1
1677,29,90,7,0,C1
1678,26,80,4,1,C2
1679,17,96,7,0,C1
1680,22,97,7,0,C1
1681,20,92,4,1,C2
1682,15,85,7,0,C1
1683,22,72,5,1,C2
1684,13,99,6,1,C2
1685,27,71,8,2,C3
1686,17,68,7,2,C3
1687,21,78,6,1,C2
1688,22,62,6,2,C3
1689,18,99,6,1,C2
1690,24,84,7,0,C1
1691,17,82,5,1,C2
1692,25,86,9,0,C1
1693,12,80,5,1,C2
1694,21,61,4,1,C2
1695,32,84,8,0,C1
1696,14,89,6,1,C2
1697,16,77,7,2,C3
1698,23,90,8,0,C1
1699,21,69,6,2,C3
1700,22,69,7,2,C3
1701,23,66,8,2,C3
1702,24,75,9,2,C3
1703,27,94,6,1,C2
1704,22,93,6,1,C2
1705,19,75,8,2,C3
1706,24,84,7,0,C1
1707,31,89,7,0,C1
1708,19,70,9,2,C3
1709,14,67,4,1,C2
1710,27,99,5,1,C2
1711,19,85,4,1,C2
1712,7,99,9,0,C1
1713,25,74,8,2,C3
1714,17,88,5,1,C2
1715,19,69,7,2,C3
1716,22,70,7,2,C3
1717,21,80,4,1,C2
1718,24,73,7,2,C3
1719,17,67,5,1,C2
1720,23,71,8,2,C3
1721,18,61,5,2,C3
1722,24,88,7,0,C1
1723,24,80,9,0,C1
1724,14,64,8,2,C3
1725,27,67,8,2,C3
1726,17,64,7,2,C3
1727,25,85,5,1,C2
1728,22,64,6,2,C3
1729,31,90,7,0,C1
1730,19,61,7,2,C3
1731,18,70,5,1,C2
1732,20,96,8,0,C1
1733,18,89,5,1,C2
1734,25,63,9,2,C3
1735,10,93,7,0,C1
1736,14,80,8,0,C1
1737,14,94,8,0,C1
1738,26,84,10,0,C1
1739,30,87,7,0,C1
1740,19,100,6,1,C2
1741,19,69,6,2,C3
1742,20,85,9,0,C1
1743,27,78,5,1,C2
1744,14,62,6,2,C3
1745,21,61,7,2,C3
1746,26,65,7,2,C3
1747,23,86,8,0,C1
1748,21,83,5,1,C2
1749,26,82,7,0,C1
1750,4,61,7,2,C3
1751,24,79,5,1,C2
1752,16,97,8,0,C1
1753,9,76,7,2,C3
1754,23,85,7,0,C1
1755,28,91,6,1,C2
1756,19,91,6,1,C2
1757,26,81,5,1,C2
1758,30,94,8,0,C1
1759,28,76,9,2,C3
1760,30,96,10,0,C1
1761,24,70,8,2,C3
1762,20,71,6,2,C3
1763,10,62,6,2,C3
1764,19,92,8,0,C1
1765,15,77,7,2,C3
1766,33,69,7,2,C3
1767,19,69,7,2,C3
1768,21,96,9,0,C1
1769,23,93,6,1,C2
1770,20,82,9,0,C1
1771,30,85,7,0,C1
1772,16,79,6,1,C2
1773,21,76,6,1,C2
1774,16,97,7,0,C1
1775,12,65,8,2,C3
1776,16,77,6,1,C2
1777,20,74,8,2,C3
1778,17,80,6,1,C2
1779,16,78,7,2,C3
1780,12,81,5,1,C2
1781,20,66,8,2,C3
1782,11,81,7,0,C1
1783,25,70,9,2,C3
1784,20,67,8,2,C3
1785,11,63,7,2,C3
1786,18,91,9,0,C1
1787,15,77,8,2,C3
1788,22,85,9,0,C1
1789,28,89,6,1,C2
1790,9,87,8,0,C1
1791,21,79,8,0,C1
1792,19,76,5,1,C2
1793,24,75,9,2,C3
1794,21,86,5,1,C2
1795,15,80,5,1,C2
1796,18,94,4,1,C2
1797,15,95,8,0,C1
1798,26,67,5,1,C2
1799,20,65,6,2,C3
1800,31,85,8,0,C1
1801,20,72,7,2,C3
1802,16,61,6,2,C3
1803,11,96,5,1,C2
1804,9,69,7,2,C3
1805,10,97,8,0,C1
1806,22,89,8,0,C1
1807,23,91,10,0,C1
1808,11,68,6,2,C3
1809,25,69,5,1,C2
1810,17,81,7,0,C1
1811,21,67,7,2,C3
1812,30,72,7,2,C3
1813,25,73,6,2,C3
1814,18,66,4,1,C2
1815,15,68,5,1,C2
1816,7,92,8,0,C1
1817,16,67,7,2,C3
1818,19,61,8,2,C3
1819,14,85,8,0,C1
1820,19,99,8,0,C1
1821,20,73,8,2,C3
1822,19,65,7,2,C3
1823,16,83,7,0,C1
1824,21,96,4,1,C2
1825,23,91,6,1,C2
1826,13,85,6,1,C2
1827,28,73,7,2,C3
1828,19,82,6,1,C2
1829,20,64,8,2,C3
1830,24,87,6,1,C2
1831,21,89,9,0,C1
1832,26,99,6,1,C2
1833,22,70,6,2,C3
1834,16,61,6,2,C3
1835,22,82,6,1,C2
1836,13,88,9,0,C1
1837,21,92,7,0,C1
1838,20,68,7,2,C3
1839,19,70,6,2,C3
1840,19,81,7,0,C1
1841,9,73,7,2,C3
1842,17,94,7,0,C1
1843,21,79,7,2,C3
1844,21,92,9,0,C1
1845,14,83,7,0,C1
1846,28,91,5,1,C2
1847,15,73,7,2,C3
1848,26,93,6,1,C2
1849,23,71,8,2,C3
1850,16,82,7,0,C1
1851,31,69,9,2,C3
1852,13,79,6,1,C2
1853,26,73,7,2,C3
1854,26,71,5,1,C2
1855,16,99,7,0,C1
1856,28,66,5,2,C3
1857,18,91,7,0,C1
1858,22,99,7,0,C1
1859,22,61,7,2,C3
1860,19,88,8,0,C1
1861,25,70,7,2,C3
1862,25,62,5,2,C3
1863,10,76,6,1,C2
1864,28,97,7,0,C1
1865,10,60,7,2,C3
1866,26,84,7,0,C1
1867,27,80,9,0,C1
1868,13,95,7,0,C1
1869,18,63,8,2,C3
1870,13,87,4,1,C2
1871,19,87,8,0,C1
1872,18,87,10,0,C1
1873,25,98,9,0,C1
1874,28,93,6,1,C2
1875,28,62,10,2,C3
1876,17,79,7,2,C3
1877,19,76,7,2,C3
1878,10,72,7,2,C3
1879,15,78,7,2,C3
1880,26,75,4,1,C2
1881,30,77,8,2,C3
1882,13,99,7,0,C1
1883,16,64,7,2,C3
1884,20,97,7,0,C1
1885,22,79,6,1,C2
1886,15,85,7,0,C1
1887,23,93,9,0,C1
1888,17,74,8,2,C3
1889,20,77,7,2,C3
1890,23,76,7,2,C3
1891,20,75,7,2,C3
1892,17,97,6,1,C2
1893,19,93,7,0,C1
1894,19,64,8,2,C3
1895,18,64,7,2,C3
1896,18,77,6,1,C2
1897,30,64,7,2,C3
1898,23,85,8,0,C1
1899,18,66,5,1,C2
1900,24,81,6,1,C2
1901,18,60,5,2,C3
1902,27,73,7,2,C3
1903,22,87,8,0,C1
1904,19,79,9,0,C1
1905,23,99,9,0,C1
1906,11,95,6,1,C2
1907,13,74,7,2,C3
1908,13,62,6,2,C3
1909,21,94,9,0,C1
1910,30,96,9,0,C1
1911,33,93,7,0,C1
1912,24,65,6,2,C3
1913,23,100,4,1,C2
1914,9,70,5,1,C2
1915,17,89,4,1,C2
1916,15,96,5,1,C2
1917,16,69,10,2,C3
1918,19,96,5,1,C2
1919,17,72,5,1,C2
1920,8,99,6,1,C2
1921,24,71,10,2,C3
1922,14,98,7,0,C1
1923,21,62,8,2,C3
1924,32,88,7,0,C1
1925,14,81,4,1,C2
1926,5,79,9,0,C1
1927,18,69,8,2,C3
1928,27,88,7,0,C1
1929,32,68,10,2,C3
1930,13,82,6,1,C2
1931,23,70,7,2,C3
1932,17,98,6,1,C2
1933,19,61,9,2,C3
1934,36,68,8,2,C3
1935,11,70,7,2,C3
1936,22,77,5,1,C2
1937,23,69,6,2,C3
1938,27,80,5,1,C2
1939,21,95,9,0,C1
1940,22,88,5,1,C2
1941,18,83,9,0,C1
1942,22,64,9,2,C3
1943,18,88,6,1,C2
1944,24,67,6,2,C3
1945,18,91,6,1,C2
1946,22,70,8,2,C3
1947,20,77,9,0,C1
1948,27,74,9,2,C3
1949,20,94,6,1,C2
1950,9,65,9,2,C3
1951,28,83,9,0,C1
1952,15,66,7,2,C3
1953,16,88,7,0,C1
1954,16,96,9,0,C1
1955,28,77,9,2,C3
1956,7,80,9,0,C1
1957,39,97,10,0,C1
1958,26,81,8,0,C1
1959,21,80,7,2,C3
1960,20,83,9,0,C1
1961,22,88,10,0,C1
1962,23,64,6,2,C3
1963,24,93,7,0,C1
1964,23,77,5,1,C2
1965,21,63,8,2,C3
1966,19,91,8,0,C1
1967,19,75,6,1,C2
1968,19,64,9,2,C3
1969,27,85,6,1,C2
1970,24,95,6,1,C2
1971,2,96,9,0,C1
1972,24,98,6,1,C2
1973,21,95,5,1,C2
1974,20,60,8,2,C3
1975,18,75,7,2,C3
1976,27,93,9,0,C1
1977,26,75,8,2,C3
1978,15,84,4,1,C2
1979,22,84,9,0,C1
1980,14,75,10,0,C1
1981,12,96,9,0,C1
1982,16,80,9,0,C1
1983,25,79,7,2,C3
1984,26,100,6,1,C2
1985,23,80,7,2,C3
1986,24,67,8,2,C3
1987,23,81,8,0,C1
1988,16,93,6,1,C2
1989,23,91,6,1,C2
1990,25,92,5,1,C2
1991,25,88,8,0,C1
1992,27,70,6,2,C3
1993,24,94,7,0,C1
1994,22,96,10,0,C1
1995,26,68,8,2,C3
1996,20,65,7,2,C3
1997,15,99,8,0,C1
1998,19,95,9,0,C1
1999,16,96,5,1,C2
2000,16,95,6,1,C2
2001,19,82,7,0,C1
2002,15,86,6,1,C2
2003,18,82,7,0,C1
2004,9,62,5,2,C3
2005,21,90,8,0,C1
2006,20,80,6,1,C2
2007,15,86,7,0,C1
2008,24,80,7,2,C3
2009,26,80,8,0,C1
2010,10,67,4,1,C2
2011,15,71,8,2,C3
2012,15,66,7,2,C3
2013,14,68,8,2,C3
2014,25,99,5,1,C2
2015,19,66,8,2,C3
2016,18,71,9,2,C3
2017,8,84,7,0,C1
2018,24,84,6,1,C2
2019,13,66,6,2,C3
2020,20,92,8,0,C1
2021,22,91,8,0,C1
2022,28,69,8,2,C3
2023,12,72,7,2,C3
2024,2,98,7,0,C1
2025,21,93,7,0,C1
2026,31,88,6,1,C2
2027,27,63,8,2,C3
2028,21,77,7,2,C3
2029,17,82,9,0,C1
2030,25,67,9,2,C3
2031,14,78,7,2,C3
2032,23,84,8,0,C1
2033,23,73,6,2,C3
2034,26,91,7,0,C1
2035,37,94,8,0,C1
2036,22,73,5,1,C2
2037,17,94,8,0,C1
2038,20,64,6,2,C3
2039,9,94,6,1,C2
2040,16,66,6,2,C3
2041,18,63,7,2,C3
2042,17,86,5,1,C2
2043,21,79,8,0,C1
2044,15,96,7,0,C1
2045,27,75,10,2,C3
2046,20,71,7,2,C3
2047,20,80,8,0,C1
2048,18,78,6,1,C2
2049,21,74,5,1,C2
2050,25,88,8,0,C1
2051,15,90,5,1,C2
2052,16,94,8,0,C1
2053,18,99,10,0,C1
2054,12,71,8,2,C3
2055,15,89,8,0,C1
2056,17,76,7,2,C3
2057,25,87,6,1,C2
2058,22,79,7,2,C3
2059,21,100,6,1,C2
2060,25,89,5,1,C2
2061,19,98,7,0,C1
2062,22,93,9,0,C1
2063,19,96,5,1,C2
2064,22,93,9,0,C1
2065,17,78,9,0,C1
2066,5,70,8,2,C3
2067,19,75,8,2,C3
2068,29,61,7,2,C3
2069,26,81,7,2,C3
2070,26,80,6,1,C2
2071,27,81,7,2,C3
2072,21,99,7,0,C1
2073,21,96,10,0,C1
2074,16,66,8,2,C3
2075,18,75,7,2,C3
2076,24,77,7,2,C3
2077,27,74,6,2,C3
2078,19,92,6,1,C2
2079,17,81,8,0,C1
2080,20,83,6,1,C2
2081,24,94,6,1,C2
2082,11,92,6,1,C2
2083,6,65,6,2,C3
2084,17,89,9,0,C1
2085,13,77,7,2,C3
2086,17,72,7,2,C3
2087,19,62,7,2,C3
2088,17,79,7,2,C3
2089,29,74,6,2,C3
2090,22,70,5,1,C2
2091,22,88,9,0,C1
2092,24,91,8,0,C1
2093,13,70,8,2,C3
2094,26,62,8,2,C3
2095,20,94,10,0,C1
2096,24,60,6,2,C3
2097,14,97,5,1,C2
2098,11,85,8,0,C1
2099,25,73,5,1,C2
2100,22,70,7,2,C3
2101,15,60,7,2,C3
2102,15,69,8,2,C3
2103,27,66,6,2,C3
2104,13,84,9,0,C1
2105,30,67,6,2,C3
2106,15,81,8,0,C1
2107,24,84,6,1,C2
2108,18,72,8,2,C3
2109,24,61,5,2,C3
2110,17,61,7,2,C3
2111,19,61,9,2,C3
2112,20,90,7,0,C1
2113,14,73,9,2,C3
2114,24,92,7,0,C1
2115,17,77,6,1,C2
2116,19,78,7,2,C3
2117,14,81,8,0,C1
2118,5,89,4,1,C2
2119,19,71,8,2,C3
2120,34,65,6,2,C3
2121,25,82,5,1,C2
2122,20,73,8,2,C3
2123,18,78,9,0,C1
2124,20,86,7,0,C1
2125,23,80,5,1,C2
2126,13,85,6,1,C2
2127,27,82,6,1,C2
2128,24,90,7,0,C1
2129,24,88,7,0,C1
2130,23,81,8,0,C1
2131,20,87,8,0,C1
2132,24,95,8,0,C1
2133,24,77,8,2,C3
2134,18,77,7,2,C3
2135,17,91,10,0,C1
2136,21,83,8,0,C1
2137,29,63,8,2,C3
2138,13,96,10,0,C1
2139,11,61,7,2,C3
2140,21,90,6,1,C2
2141,20,90,9,0,C1
2142,21,98,9,0,C1
2143,21,62,7,2,C3
2144,19,84,10,0,C1
2145,29,77,7,2,C3
2146,10,73,8,2,C3
2147,15,64,9,2,C3
2148,19,83,7,0,C1
2149,10,79,8,0,C1
2150,19,64,9,2,C3
2151,30,84,6,1,C2
2152,20,90,6,1,C2
2153,21,91,9,0,C1
2154,12,96,7,0,C1
2155,16,76,6,1,C2
2156,18,98,7,0,C1
2157,18,95,8,0,C1
2158,28,72,5,1,C2
2159,23,66,8,2,C3
2160,13,77,8,2,C3
2161,21,76,9,2,C3
2162,23,83,7,0,C1
2163,27,83,9,0,C1
2164,29,90,7,0,C1
2165,14,80,7,0,C1
2166,15,64,7,2,C3
2167,12,94,10,0,C1
2168,19,72,5,1,C2
2169,23,99,8,0,C1
2170,26,65,7,2,C3
2171,20,98,7,0,C1
2172,18,64,8,2,C3
2173,21,69,9,2,C3
2174,15,62,8,2,C3
2175,33,88,9,0,C1
2176,10,94,7,0,C1
2177,21,77,7,2,C3
2178,32,97,5,1,C2
2179,20,84,10,0,C1
2180,19,85,7,0,C1
2181,18,94,7,0,C1
2182,19,72,8,2,C3
2183,28,74,9,2,C3
2184,7,96,6,1,C2
2185,29,96,9,0,C1
2186,11,99,7,0,C1
2187,18,96,9,0,C1
2188,17,65,6,2,C3
2189,24,93,8,0,C1
2190,10,76,7,2,C3
2191,23,100,5,1,C2
2192,32,79,5,1,C2
2193,12,82,6,1,C2
2194,21,81,8,0,C1
2195,16,73,4,1,C2
2196,23,63,8,2,C3
2197,20,96,7,0,C1
2198,16,92,4,1,C2
2199,23,66,6,2,C3
2200,31,91,6,1,C2
2201,19,85,7,0,C1
2202,24,76,9,2,C3
2203,12,70,9,2,C3
2204,14,94,6,1,C2
2205,23,88,6,1,C2
2206,29,82,5,1,C2
2207,22,84,6,1,C2
2208,18,64,6,2,C3
2209,20,79,7,2,C3
2210,12,68,7,2,C3
2211,24,68,6,2,C3
2212,25,86,6,1,C2
2213,17,96,6,1,C2
2214,17,76,6,1,C2
2215,22,68,9,2,C3
2216,17,86,8,0,C1
2217,20,95,8,0,C1
2218,33,90,9,0,C1
2219,19,95,8,0,C1
2220,18,81,9,0,C1
2221,16,90,8,0,C1
2222,24,66,7,2,C3
2223,19,74,6,1,C2
2224,16,76,6,1,C2
2225,28,80,8,0,C1
2226,29,97,7,0,C1
2227,16,95,5,1,C2
2228,9,65,4,1,C2
2229,26,67,10,2,C3
2230,16,74,6,1,C2
2231,25,72,6,2,C3
2232,8,85,9,0,C1
2233,25,96,5,1,C2
2234,13,98,8,0,C1
2235,24,86,10,0,C1
2236,20,94,10,0,C1
2237,14,81,6,1,C2
2238,18,68,7,2,C3
2239,24,81,6,1,C2
2240,21,82,7,0,C1
2241,24,90,9,0,C1
2242,32,69,5,1,C2
2243,11,75,8,2,C3
2244,30,75,7,2,C3
2245,21,98,9,0,C1
2246,15,78,9,0,C1
2247,12,90,6,1,C2
2248,19,90,7,0,C1
2249,26,71,8,2,C3
2250,19,83,8,0,C1
2251,29,96,4,1,C2
2252,11,79,8,0,C1
2253,20,98,9,0,C1
2254,12,69,7,2,C3
2255,22,63,8,2,C3
2256,25,96,9,0,C1
2257,17,94,7,0,C1
2258,4,100,8,0,C1
2259,21,87,7,0,C1
2260,23,97,7,0,C1
2261,22,93,6,1,C2
2262,27,94,7,0,C1
2263,14,83,10,0,C1
2264,24,75,6,1,C2
2265,27,97,8,0,C1
2266,9,77,7,2,C3
2267,22,82,9,0,C1
2268,17,78,9,0,C1
2269,20,83,6,1,C2
2270,22,79,6,1,C2
2271,17,62,6,2,C3
2272,16,95,6,1,C2
2273,20,78,6,1,C2
2274,13,84,8,0,C1
2275,13,66,6,2,C3
2276,24,60,6,2,C3
2277,13,70,6,2,C3
2278,24,88,8,0,C1
2279,23,64,7,2,C3
2280,10,96,7,0,C1
2281,16,69,6,2,C3
2282,27,68,5,1,C2
2283,14,67,9,2,C3
2284,17,61,7,2,C3
2285,23,91,10,0,C1
2286,25,95,8,0,C1
2287,18,85,10,0,C1
2288,16,68,8,2,C3
2289,29,71,7,2,C3
2290,30,79,6,1,C2
2291,26,98,6,1,C2
2292,21,70,9,2,C3
2293,15,89,7,0,C1
2294,15,78,8,0,C1
2295,23,72,8,2,C3
2296,23,78,8,2,C3
2297,28,63,6,2,C3
2298,24,92,9,0,C1
2299,11,70,7,2,C3
2300,26,89,7,0,C1
2301,14,63,8,2,C3
2302,18,98,7,0,C1
2303,22,68,4,1,C2
2304,32,95,9,0,C1
2305,39,92,9,0,C1
2306,24,99,4,1,C2
2307,19,79,5,1,C2
2308,23,89,10,0,C1
2309,25,75,7,2,C3
2310,18,67,7,2,C3
2311,31,78,6,1,C2
2312,21,67,5,1,C2
2313,23,99,7,0,C1
2314,24,64,8,2,C3
2315,23,84,7,0,C1
2316,25,85,8,0,C1
2317,16,82,10,0,C1
2318,17,86,6,1,C2
2319,13,65,7,2,C3
2320,23,82,9,0,C1
2321,25,71,6,2,C3
2322,23,98,7,0,C1
2323,30,90,10,0,C1
2324,20,99,6,1,C2
2325,24,62,9,2,C3
2326,13,71,7,2,C3
2327,18,68,10,2,C3
2328,24,60,5,2,C3
2329,25,70,7,2,C3
2330,18,87,5,1,C2
2331,20,69,6,2,C3
2332,11,80,6,1,C2
2333,18,96,7,0,C1
2334,25,88,5,1,C2
2335,23,76,7,2,C3
2336,23,75,8,2,C3
2337,20,78,5,1,C2
2338,20,67,6,2,C3
2339,16,85,10,0,C1
2340,24,75,7,2,C3
2341,23,94,4,1,C2
2342,23,90,5,1,C2
2343,17,84,7,0,C1
2344,7,75,7,2,C3
2345,27,68,6,2,C3
2346,17,91,10,0,C1
2347,15,79,10,0,C1
2348,24,69,7,2,C3
2349,18,68,8,2,C3
2350,26,67,8,2,C3
2351,24,91,9,0,C1
2352,24,69,6,2,C3
2353,12,81,10,0,C1
2354,27,78,7,2,C3
2355,22,83,8,0,C1
2356,18,95,7,0,C1
2357,21,95,7,0,C1
2358,9,78,7,2,C3
2359,22,61,5,2,C3
2360,14,77,4,1,C2
2361,12,84,7,0,C1
2362,11,82,6,1,C2
2363,27,86,8,0,C1
2364,16,66,8,2,C3
2365,29,86,7,0,C1
2366,17,67,9,2,C3
2367,10,90,7,0,C1
2368,13,74,5,1,C2
2369,27,88,7,0,C1
2370,19,62,9,2,C3
2371,17,76,4,1,C2
2372,21,88,7,0,C1
2373,23,69,8,2,C3
2374,27,92,10,0,C1
2375,29,85,9,0,C1
2376,18,84,7,0,C1
2377,12,74,8,2,C3
2378,18,79,4,1,C2
2379,22,84,5,1,C2
2380,14,79,8,0,C1
2381,14,88,7,0,C1
2382,22,77,7,2,C3
2383,20,68,7,2,C3
2384,20,69,7,2,C3
2385,15,60,7,2,C3
2386,19,72,5,1,C2
2387,14,90,7,0,C1
2388,25,92,5,1,C2
2389,26,68,6,2,C3
2390,9,98,9,0,C1
2391,14,80,7,0,C1
2392,11,97,8,0,C1
2393,16,88,7,0,C1
2394,19,89,6,1,C2
2395,11,63,5,1,C2
2396,14,69,6,2,C3
2397,14,60,7,2,C3
2398,21,89,8,0,C1
2399,20,74,7,2,C3
2400,16,91,8,0,C1
2401,21,74,5,1,C2
2402,17,93,8,0,C1
2403,18,65,5,1,C2
2404,30,67,8,2,C3
2405,28,74,8,2,C3
2406,12,76,4,1,C2
2407,25,74,8,2,C3
2408,25,91,8,0,C1
2409,13,64,9,2,C3
2410,25,74,6,2,C3
2411,29,93,7,0,C1
2412,13,63,8,2,C3
2413,14,98,8,0,C1
2414,26,99,8,0,C1
2415,22,64,6,2,C3
2416,23,72,8,2,C3
2417,22,75,8,2,C3
2418,22,91,7,0,C1
2419,12,84,6,1,C2
2420,26,86,6,1,C2
2421,27,90,9,0,C1
2422,19,65,8,2,C3
2423,20,93,7,0,C1
2424,11,88,7,0,C1
2425,23,83,4,1,C2
2426,23,96,7,0,C1
2427,20,88,5,1,C2
2428,27,68,7,2,C3
2429,18,77,9,0,C1
2430,23,80,6,1,C2
2431,14,62,7,2,C3
2432,20,98,8,0,C1
2433,19,65,7,2,C3
2434,21,88,6,1,C2
2435,18,80,7,2,C3
2436,19,61,8,2,C3
2437,25,97,7,0,C1
2438,17,94,7,0,C1
2439,10,81,9,0,C1
2440,30,69,8,2,C3
2441,28,65,5,2,C3
2442,12,75,8,2,C3
2443,24,70,8,2,C3
2444,17,80,5,1,C2
2445,22,99,4,1,C2
2446,22,83,5,1,C2
2447,19,96,7,0,C1
2448,15,86,9,0,C1
2449,16,79,6,1,C2
2450,15,94,8,0,C1
2451,15,79,4,1,C2
2452,20,95,7,0,C1
2453,16,72,6,2,C3
2454,24,65,10,2,C3
2455,29,94,4,1,C2
2456,17,83,7,0,C1
2457,21,96,4,1,C2
2458,23,98,6,1,C2
2459,23,62,4,1,C2
2460,20,80,10,0,C1
2461,24,75,6,1,C2
2462,23,85,7,0,C1
2463,13,92,7,0,C1
2464,25,71,5,1,C2
2465,25,82,9,0,C1
2466,15,88,8,0,C1
2467,20,65,8,2,C3
2468,24,93,5,1,C2
2469,19,84,9,0,C1
2470,26,98,9,0,C1
2471,34,74,7,2,C3
2472,15,64,8,2,C3
2473,12,80,7,0,C1
2474,22,63,5,2,C3
2475,24,99,7,0,C1
2476,19,62,6,2,C3
2477,29,90,7,0,C1
2478,12,81,9,0,C1
2479,24,75,5,1,C2
2480,16,63,6,2,C3
2481,30,85,6,1,C2
2482,32,83,6,1,C2
2483,15,71,6,2,C3
2484,17,96,7,0,C1
2485,25,72,8,2,C3
2486,18,78,8,2,C3
2487,20,82,7,0,C1
2488,20,64,8,2,C3
2489,8,97,10,0,C1
2490,20,75,7,2,C3
2491,16,63,9,2,C3
2492,17,75,8,2,C3
2493,29,84,10,0,C1
2494,12,81,8,0,C1
2495,25,88,6,1,C2
2496,18,62,7,2,C3
2497,18,71,7,2,C3
2498,25,93,8,0,C1
2499,22,63,6,2,C3
2500,23,94,9,0,C1
2501,26,64,7,2,C3
2502,18,93,8,0,C1
2503,16,74,7,2,C3
2504,13,84,7,0,C1
2505,15,66,7,2,C3
2506,38,63,8,2,C3
2507,27,69,10,2,C3
2508,12,65,4,1,C2
2509,12,72,8,2,C3
2510,23,81,7,0,C1
2511,23,84,7,0,C1
2512,23,92,4,1,C2
2513,18,86,8,0,C1
2514,19,84,7,0,C1
2515,22,76,6,1,C2
2516,21,79,7,2,C3
2517,7,77,7,2,C3
2518,19,94,4,1,C2
2519,15,69,7,2,C3
2520,21,60,8,2,C3
2521,38,86,6,1,C2
2522,22,68,7,2,C3
2523,18,96,7,0,C1
2524,26,94,9,0,C1
2525,23,63,7,2,C3
2526,23,64,8,2,C3
2527,24,80,7,2,C3
2528,32,84,10,0,C1
2529,13,71,6,2,C3
2530,23,89,6,1,C2
2531,14,84,7,0,C1
2532,23,73,6,2,C3
2533,14,61,5,2,C3
2534,17,90,8,0,C1
2535,18,69,4,1,C2
2536,26,93,6,1,C2
2537,26,77,5,1,C2
2538,13,83,7,0,C1
2539,20,95,4,1,C2
2540,16,95,8,0,C1
2541,12,75,8,2,C3
2542,19,68,5,1,C2
2543,18,91,7,0,C1
2544,35,77,8,2,C3
2545,23,68,8,2,C3
2546,12,96,5,1,C2
2547,17,68,5,1,C2
2548,26,61,9,2,C3
2549,33,61,6,2,C3
2550,10,85,6,1,C2
2551,9,86,8,0,C1
2552,31,72,5,1,C2
2553,22,73,7,2,C3
2554,15,74,8,2,C3
2555,23,87,5,1,C2
2556,4,62,6,2,C3
2557,20,97,5,1,C2
2558,22,69,6,2,C3
2559,26,100,9,0,C1
2560,14,67,9,2,C3
2561,21,91,7,0,C1
2562,14,69,8,2,C3
2563,22,63,8,2,C3
2564,15,95,6,1,C2
2565,18,94,7,0,C1
2566,14,76,5,1,C2
2567,24,88,6,1,C2
2568,25,82,7,0,C1
2569,19,94,5,1,C2
2570,20,73,5,1,C2
2571,11,81,6,1,C2
2572,18,79,9,0,C1
2573,20,74,9,2,C3
2574,36,96,7,0,C1
2575,13,67,8,2,C3
2576,29,66,6,2,C3
2577,26,83,4,1,C2
2578,22,86,6,1,C2
2579,31,68,7,2,C3
2580,22,76,7,2,C3
2581,22,98,7,0,C1
2582,20,70,7,2,C3
2583,27,87,6,1,C2
2584,27,90,8,0,C1
2585,16,78,5,1,C2
2586,12,98,8,0,C1
2587,19,89,6,1,C2
2588,15,78,10,0,C1
2589,20,83,7,0,C1
2590,27,88,6,1,C2
2591,17,84,6,1,C2
2592,20,95,6,1,C2
2593,20,74,8,2,C3
2594,25,72,7,2,C3
2595,7,69,8,2,C3
2596,16,62,8,2,C3
2597,21,62,7,2,C3
2598,27,95,8,0,C1
2599,17,87,9,0,C1
2600,9,86,8,0,C1
2601,24,85,7,0,C1
2602,16,94,8,0,C1
2603,13,79,5,1,C2
2604,16,95,10,0,C1
2605,19,74,8,2,C3
2606,16,97,8,0,C1
2607,7,88,7,0,C1
2608,25,70,4,1,C2
2609,28,83,7,0,C1
2610,24,81,7,0,C1
2611,13,66,6,2,C3
2612,19,84,6,1,C2
2613,20,73,6,2,C3
2614,24,62,8,2,C3
2615,24,98,9,0,C1
2616,16,86,7,0,C1
2617,20,95,6,1,C2
2618,23,87,6,1,C2
2619,29,74,7,2,C3
2620,24,81,7,0,C1
2621,25,87,8,0,C1
2622,21,98,6,1,C2
2623,28,70,8,2,C3
2624,22,95,8,0,C1
2625,15,97,6,1,C2
2626,28,87,4,1,C2
2627,24,97,6,1,C2
2628,17,76,9,2,C3
2629,17,98,4,1,C2
2630,22,88,9,0,C1
2631,23,62,4,1,C2
2632,21,96,6,1,C2
2633,22,79,6,1,C2
2634,30,78,10,0,C1
2635,26,83,7,0,C1
2636,21,66,7,2,C3
2637,26,79,6,1,C2
2638,14,93,8,0,C1
2639,22,61,6,2,C3
2640,31,71,7,2,C3
2641,19,60,6,2,C3
2642,15,77,8,2,C3
2643,16,89,8,0,C1
2644,13,92,6,1,C2
2645,15,98,6,1,C2
2646,18,84,6,1,C2
2647,12,70,7,2,C3
2648,20,97,8,0,C1
2649,25,91,7,0,C1
2650,15,83,4,1,C2
2651,29,88,8,0,C1
2652,23,97,5,1,C2
2653,26,88,6,1,C2
2654,16,75,7,2,C3
2655,25,89,7,0,C1
2656,13,62,8,2,C3
2657,25,75,6,1,C2
2658,21,76,6,1,C2
2659,23,67,7,2,C3
2660,13,61,8,2,C3
2661,15,65,8,2,C3
2662,24,86,7,0,C1
2663,14,92,9,0,C1
2664,23,100,9,0,C1
2665,12,74,8,2,C3
2666,25,84,5,1,C2
2667,13,97,8,0,C1
2668,23,67,7,2,C3
2669,24,89,6,1,C2
2670,16,90,6,1,C2
2671,23,64,7,2,C3
2672,22,94,6,1,C2
2673,17,93,7,0,C1
2674,14,61,7,2,C3
2675,8,64,7,2,C3
2676,22,62,8,2,C3
2677,11,73,7,2,C3
2678,21,80,6,1,C2
2679,18,81,4,1,C2
2680,24,71,8,2,C3
2681,18,96,7,0,C1
2682,18,75,7,2,C3
2683,24,62,9,2,C3
2684,22,72,5,1,C2
2685,22,81,7,0,C1
2686,23,76,6,1,C2
2687,11,71,8,2,C3
2688,25,65,4,1,C2
2689,24,93,8,0,C1
2690,14,100,8,0,C1
2691,19,73,6,2,C3
2692,20,75,7,2,C3
2693,19,85,6,1,C2
2694,22,89,8,0,C1
2695,29,76,8,2,C3
2696,26,96,5,1,C2
2697,12,82,5,1,C2
2698,24,78,9,0,C1
2699,28,86,10,0,C1
2700,22,98,8,0,C1
2701,27,92,8,0,C1
2702,32,62,7,2,C3
2703,26,73,7,2,C3
2704,21,79,8,0,C1
2705,26,73,7,2,C3
2706,21,88,9,0,C1
2707,20,93,7,0,C1
2708,18,89,7,0,C1
2709,29,100,7,0,C1
2710,15,71,7,2,C3
2711,29,95,9,0,C1
2712,23,91,7,0,C1
2713,12,74,7,2,C3
2714,22,89,7,0,C1
2715,7,64,6,2,C3
2716,24,92,5,1,C2
2717,25,81,9,0,C1
2718,16,72,9,2,C3
2719,21,86,9,0,C1
2720,32,86,5,1,C2
2721,17,68,9,2,C3
2722,14,61,10,2,C3
2723,29,77,9,2,C3
2724,32,83,9,0,C1
2725,20,95,8,0,C1
2726,26,97,6,1,C2
2727,28,81,8,0,C1
2728,16,90,5,1,C2
2729,17,78,6,1,C2
2730,27,90,7,0,C1
2731,30,68,7,2,C3
2732,23,75,8,2,C3
2733,15,85,4,1,C2
2734,32,61,7,2,C3
2735,17,89,8,0,C1
2736,18,93,8,0,C1
2737,22,76,8,2,C3
2738,29,78,7,2,C3
2739,25,94,6,1,C2
2740,22,91,8,0,C1
2741,23,72,7,2,C3
2742,20,73,8,2,C3
2743,23,87,8,0,C1
2744,5,83,7,0,C1
2745,18,66,6,2,C3
2746,21,72,9,2,C3
2747,13,96,8,0,C1
2748,22,88,10,0,C1
2749,19,99,8,0,C1
2750,31,91,8,0,C1
2751,29,98,5,1,C2
2752,17,69,7,2,C3
2753,19,91,7,0,C1
2754,20,61,8,2,C3
2755,17,87,8,0,C1
2756,21,79,8,0,C1
2757,15,74,10,2,C3
2758,13,94,6,1,C2
2759,24,94,8,0,C1
2760,24,61,8,2,C3
2761,15,84,10,0,C1
2762,25,75,8,2,C3
2763,16,77,8,2,C3
2764,22,93,8,0,C1
2765,25,72,8,2,C3
2766,20,98,9,0,C1
2767,23,67,6,2,C3
2768,17,87,6,1,C2
2769,19,87,10,0,C1
2770,19,70,4,1,C2
2771,16,73,7,2,C3
2772,19,93,7,0,C1
2773,11,90,7,0,C1
2774,17,73,9,2,C3
2775,18,81,8,0,C1
2776,18,62,6,2,C3
2777,19,68,6,2,C3
2778,20,79,7,2,C3
2779,23,63,9,2,C3
2780,25,94,7,0,C1
2781,16,89,7,0,C1
2782,13,98,6,1,C2
2783,14,88,8,0,C1
2784,17,98,7,0,C1
2785,18,82,6,1,C2
2786,15,84,9,0,C1
2787,12,99,10,0,C1
2788,17,86,7,0,C1
2789,21,61,7,2,C3
2790,24,89,5,1,C2
2791,17,96,8,0,C1
2792,18,92,8,0,C1
2793,14,83,7,0,C1
2794,20,87,6,1,C2
2795,15,100,10,0,C1
2796,23,64,8,2,C3
2797,9,87,6,1,C2
2798,18,71,8,2,C3
2799,22,86,7,0,C1
2800,21,84,7,0,C1
2801,36,66,8,2,C3
2802,22,68,4,1,C2
2803,14,85,4,1,C2
2804,19,65,9,2,C3
2805,9,71,7,2,C3
2806,20,93,6,1,C2
2807,15,73,5,1,C2
2808,25,80,7,2,C3
2809,17,98,7,0,C1
2810,19,69,9,2,C3
2811,16,76,8,2,C3
2812,30,84,7,0,C1
2813,18,90,8,0,C1
2814,31,96,9,0,C1
2815,25,97,8,0,C1
2816,23,91,8,0,C1
2817,22,69,7,2,C3
2818,22,61,6,2,C3
2819,8,75,5,1,C2
2820,18,66,5,1,C2
2821,25,88,8,0,C1
2822,20,86,8,0,C1
2823,12,62,9,2,C3
2824,20,93,8,0,C1
2825,30,70,9,2,C3
2826,27,77,7,2,C3
2827,20,87,8,0,C1
2828,26,77,5,1,C2
2829,18,78,7,2,C3
2830,10,63,4,1,C2
2831,14,76,7,2,C3
2832,29,91,9,0,C1
2833,18,97,7,0,C1
2834,19,77,8,2,C3
2835,18,77,7,2,C3
2836,31,88,6,1,C2
2837,30,98,7,0,C1
2838,33,71,9,2,C3
2839,19,78,8,2,C3
2840,22,92,6,1,C2
2841,11,84,5,1,C2
2842,29,64,7,2,C3
2843,13,85,6,1,C2
2844,21,67,7,2,C3
2845,13,80,5,1,C2
2846,16,81,9,0,C1
2847,15,95,7,0,C1
2848,16,78,7,2,C3
2849,17,71,6,2,C3
2850,17,69,7,2,C3
2851,25,95,7,0,C1
2852,13,67,6,2,C3
2853,21,77,7,2,C3
2854,27,67,9,2,C3
2855,17,91,4,1,C2
2856,16,79,7,2,C3
2857,19,74,6,1,C2
2858,27,74,9,2,C3
2859,21,94,7,0,C1
2860,17,82,5,1,C2
2861,23,89,7,0,C1
2862,13,96,8,0,C1
2863,24,96,10,0,C1
2864,22,73,4,1,C2
2865,18,98,5,1,C2
2866,15,61,9,2,C3
2867,15,75,5,1,C2
2868,23,96,7,0,C1
2869,27,71,6,2,C3
2870,16,71,6,2,C3
2871,23,72,7,2,C3
2872,7,84,7,0,C1
2873,16,78,9,0,C1
2874,20,89,9,0,C1
2875,15,96,8,0,C1
2876,14,87,7,0,C1
2877,16,68,7,2,C3
2878,22,97,8,0,C1
2879,19,71,9,2,C3
2880,7,66,8,2,C3
2881,7,64,9,2,C3
2882,16,83,6,1,C2
2883,23,65,9,2,C3
2884,4,66,8,2,C3
2885,17,72,6,2,C3
2886,17,71,7,2,C3
2887,28,84,7,0,C1
2888,18,93,7,0,C1
2889,22,90,7,0,C1
2890,21,70,5,1,C2
2891,7,70,6,2,C3
2892,25,99,7,0,C1
2893,21,60,6,2,C3
2894,23,95,6,1,C2
2895,44,68,9,2,C3
2896,7,98,7,0,C1
2897,30,74,10,2,C3
2898,18,78,7,2,C3
2899,22,88,9,0,C1
2900,20,84,7,0,C1
2901,17,73,6,1,C2
2902,17,82,7,0,C1
2903,22,89,9,0,C1
2904,11,62,7,2,C3
2905,25,60,8,2,C3
2906,18,78,7,2,C3
2907,13,65,7,2,C3
2908,17,87,7,0,C1
2909,28,69,6,2,C3
2910,17,77,7,2,C3
2911,22,68,8,2,C3
2912,16,82,7,0,C1
2913,25,65,7,2,C3
2914,24,61,8,2,C3
2915,31,62,7,2,C3
2916,19,98,7,0,C1
2917,24,66,8,2,C3
2918,21,88,7,0,C1
2919,28,63,7,2,C3
2920,16,64,8,2,C3
2921,24,80,7,2,C3
2922,19,79,7,2,C3
2923,20,98,7,0,C1
2924,21,98,7,0,C1
2925,22,91,5,1,C2
2926,19,84,7,0,C1
2927,21,78,10,0,C1
2928,29,74,6,2,C3
2929,26,98,6,1,C2
2930,25,84,10,0,C1
2931,17,83,6,1,C2
2932,15,69,9,2,C3
2933,26,62,7,2,C3
2934,25,98,7,0,C1
2935,29,73,7,2,C3
2936,16,78,8,2,C3
2937,19,65,5,1,C2
2938,10,93,7,0,C1
2939,18,61,6,2,C3
2940,26,93,4,1,C2
2941,17,66,9,2,C3
2942,24,95,4,1,C2
2943,19,89,10,0,C1
2944,22,67,8,2,C3
2945,13,83,5,1,C2
2946,21,73,9,2,C3
2947,2,67,6,2,C3
2948,19,94,6,1,C2
2949,10,76,4,1,C2
2950,27,76,6,1,C2
2951,25,67,6,2,C3
2952,23,75,8,2,C3
2953,29,95,9,0,C1
2954,14,75,5,1,C2
2955,30,98,7,0,C1
2956,26,98,4,1,C2
2957,19,66,7,2,C3
2958,27,67,10,2,C3
2959,13,95,4,1,C2
2960,15,76,5,1,C2
2961,16,60,8,2,C3
2962,17,71,8,2,C3
2963,14,84,6,1,C2
2964,27,92,9,0,C1
2965,18,65,6,2,C3
2966,22,64,10,2,C3
2967,17,97,8,0,C1
2968,9,90,9,0,C1
2969,22,84,8,0,C1
2970,9,91,8,0,C1
2971,20,77,8,2,C3
2972,12,90,9,0,C1
2973,32,75,7,2,C3
2974,25,70,6,2,C3
2975,21,89,7,0,C1
2976,28,77,6,1,C2
2977,15,99,6,1,C2
2978,23,74,9,2,C3
2979,21,97,8,0,C1
2980,22,97,8,0,C1
2981,28,70,9,2,C3
2982,24,92,8,0,C1
2983,22,77,10,0,C1
2984,10,97,4,1,C2
2985,14,78,6,1,C2
2986,19,90,6,1,C2
2987,21,79,5,1,C2
2988,13,69,7,2,C3
2989,34,68,7,2,C3
2990,29,77,10,0,C1
2991,24,90,8,0,C1
2992,20,84,6,1,C2
2993,19,88,8,0,C1
2994,14,71,4,1,C2
2995,20,79,7,2,C3
2996,22,62,7,2,C3
2997,13,93,6,1,C2
2998,22,100,7,0,C1
2999,19,76,6,1,C2
3000,9,60,6,2,C3
3001,15,67,8,2,C3
3002,18,86,9,0,C1
3003,31,84,8,0,C1
3004,23,92,6,1,C2
3005,12,70,6,2,C3
3006,23,91,6,1,C2
3007,11,88,7,0,C1
3008,26,73,6,2,C3
3009,17,82,9,0,C1
3010,19,66,7,2,C3
3011,28,78,8,2,C3
3012,12,95,5,1,C2
3013,12,77,6,1,C2
3014,16,94,8,0,C1
3015,26,84,8,0,C1
3016,11,68,5,1,C2
3017,3,83,7,0,C1
3018,17,80,7,0,C1
3019,23,76,6,1,C2
3020,27,65,8,2,C3
3021,17,77,5,1,C2
3022,18,63,6,2,C3
3023,27,64,8,2,C3
3024,9,77,7,2,C3
3025,18,72,7,2,C3
3026,21,97,7,0,C1
3027,23,75,8,2,C3
3028,17,90,8,0,C1
3029,20,81,8,0,C1
3030,5,88,7,0,C1
3031,16,70,6,2,C3
3032,23,98,6,1,C2
3033,14,81,5,1,C2
3034,20,93,6,1,C2
3035,23,75,6,1,C2
3036,18,64,9,2,C3
3037,21,87,5,1,C2
3038,14,60,9,2,C3
3039,19,79,7,2,C3
3040,24,68,7,2,C3
3041,21,85,8,0,C1
3042,16,99,5,1,C2
3043,21,79,6,1,C2
3044,24,93,5,1,C2
3045,8,80,6,1,C2
3046,27,80,6,1,C2
3047,18,97,9,0,C1
3048,23,96,6,1,C2
3049,27,91,4,1,C2
3050,12,72,6,1,C2
3051,16,82,8,0,C1
3052,18,69,9,2,C3
3053,15,78,7,2,C3
3054,30,79,6,1,C2
3055,15,93,7,0,C1
3056,17,96,8,0,C1
3057,21,77,5,1,C2
3058,13,61,7,2,C3
3059,18,94,7,0,C1
3060,22,67,7,2,C3
3061,18,85,7,0,C1
3062,19,61,6,2,C3
3063,17,76,8,2,C3
3064,11,99,7,0,C1
3065,22,64,7,2,C3
3066,31,77,5,1,C2
3067,20,72,8,2,C3
3068,21,96,6,1,C2
3069,24,95,9,0,C1
3070,12,70,5,1,C2
3071,30,63,8,2,C3
3072,21,85,4,1,C2
3073,30,73,4,1,C2
3074,16,87,6,1,C2
3075,31,61,4,1,C2
3076,25,65,8,2,C3
3077,23,87,7,0,C1
3078,21,68,9,2,C3
3079,19,94,7,0,C1
3080,27,62,7,2,C3
3081,21,69,7,2,C3
3082,8,100,6,1,C2
3083,13,77,6,1,C2
3084,19,88,5,1,C2
3085,22,67,8,2,C3
3086,20,84,7,0,C1
3087,27,89,7,0,C1
3088,8,73,10,2,C3
3089,21,93,6,1,C2
3090,9,84,7,0,C1
3091,25,76,7,2,C3
3092,19,82,9,0,C1
3093,23,83,7,0,C1
3094,15,67,7,2,C3
3095,28,76,10,0,C1
3096,26,74,6,2,C3
3097,24,76,7,2,C3
3098,19,90,8,0,C1
3099,23,79,6,1,C2
3100,16,98,8,0,C1
3101,25,72,6,2,C3
3102,30,77,9,2,C3
3103,26,91,8,0,C1
3104,16,82,7,0,C1
3105,22,82,5,1,C2
3106,12,62,6,2,C3
3107,23,76,7,2,C3
3108,23,71,8,2,C3
3109,9,100,7,0,C1
3110,13,72,8,2,C3
3111,18,95,8,0,C1
3112,18,87,8,0,C1
3113,13,74,7,2,C3
3114,22,82,7,0,C1
3115,22,94,7,0,C1
3116,19,95,6,1,C2
3117,15,66,9,2,C3
3118,26,74,8,2,C3
3119,30,73,9,2,C3
3120,17,62,6,2,C3
3121,16,84,8,0,C1
3122,23,94,9,0,C1
3123,18,75,9,2,C3
3124,19,90,5,1,C2
3125,24,85,7,0,C1
3126,9,75,7,2,C3
3127,28,66,9,2,C3
3128,20,88,4,1,C2
3129,18,94,5,1,C2
3130,19,87,9,0,C1
3131,20,61,6,2,C3
3132,10,69,5,1,C2
3133,29,63,9,2,C3
3134,20,83,5,1,C2
3135,23,90,9,0,C1
3136,26,64,5,2,C3
3137,14,94,5,1,C2
3138,23,82,7,0,C1
3139,18,88,6,1,C2
3140,25,99,7,0,C1
3141,7,63,10,2,C3
3142,19,96,7,0,C1
3143,16,65,9,2,C3
3144,23,76,7,2,C3
3145,23,94,8,0,C1
3146,16,96,4,1,C2
3147,16,80,8,0,C1
3148,19,84,8,0,C1
3149,15,88,6,1,C2
3150,25,93,10,0,C1
3151,18,65,6,2,C3
3152,3,92,5,1,C2
3153,18,79,8,0,C1
3154,14,78,5,1,C2
3155,10,77,7,2,C3
3156,13,80,9,0,C1
3157,21,98,8,0,C1
3158,28,82,7,0,C1
3159,22,98,6,1,C2
3160,16,67,9,2,C3
3161,23,89,5,1,C2
3162,17,92,8,0,C1
3163,16,87,10,0,C1
3164,13,84,8,0,C1
3165,9,83,7,0,C1
3166,18,94,7,0,C1
3167,21,93,6,1,C2
3168,19,65,6,2,C3
3169,18,94,7,0,C1
3170,14,77,8,2,C3
3171,24,70,9,2,C3
3172,12,95,4,1,C2
3173,25,77,4,1,C2
3174,14,92,9,0,C1
3175,15,71,7,2,C3
3176,11,60,7,2,C3
3177,17,80,8,0,C1
3178,26,64,7,2,C3
3179,23,90,10,0,C1
3180,26,71,8,2,C3
3181,23,78,6,1,C2
3182,13,63,6,2,C3
3183,18,71,7,2,C3
3184,15,91,6,1,C2
3185,28,66,10,2,C3
3186,13,86,7,0,C1
3187,25,97,5,1,C2
3188,25,87,8,0,C1
3189,31,92,9,0,C1
3190,18,64,9,2,C3
3191,24,70,6,2,C3
3192,34,96,5,1,C2
3193,16,89,9,0,C1
3194,11,86,5,1,C2
3195,9,87,8,0,C1
3196,24,77,6,1,C2
3197,9,62,9,2,C3
3198,18,91,5,1,C2
3199,23,87,6,1,C2
3200,21,79,8,0,C1
3201,23,96,8,0,C1
3202,21,73,9,2,C3
3203,28,72,8,2,C3
3204,14,95,8,0,C1
3205,16,92,9,0,C1
3206,15,81,5,1,C2
3207,25,65,6,2,C3
3208,25,69,5,1,C2
3209,23,86,4,1,C2
3210,27,75,8,2,C3
3211,13,93,9,0,C1
3212,30,98,8,0,C1
3213,29,92,8,0,C1
3214,24,75,7,2,C3
3215,31,92,7,0,C1
3216,10,74,10,0,C1
3217,17,67,9,2,C3
3218,16,61,6,2,C3
3219,24,75,9,2,C3
3220,14,96,9,0,C1
3221,25,70,8,2,C3
3222,28,68,8,2,C3
3223,24,99,8,0,C1
3224,22,61,5,2,C3
3225,14,91,5,1,C2
3226,15,73,8,2,C3
3227,27,61,5,2,C3
3228,25,97,5,1,C2
3229,20,66,4,1,C2
3230,17,82,6,1,C2
3231,8,71,8,2,C3
3232,14,63,8,2,C3
3233,31,62,8,2,C3
3234,12,65,6,2,C3
3235,21,63,7,2,C3
3236,26,90,8,0,C1
3237,12,79,8,0,C1
3238,21,74,6,1,C2
3239,26,77,7,2,C3
3240,20,97,4,1,C2
3241,37,96,7,0,C1
3242,10,89,6,1,C2
3243,26,95,9,0,C1
3244,19,73,6,2,C3
3245,25,75,7,2,C3
3246,23,85,6,1,C2
3247,16,85,6,1,C2
3248,21,79,8,0,C1
3249,9,76,6,1,C2
3250,24,99,10,0,C1
3251,22,93,4,1,C2
3252,24,77,8,2,C3
3253,26,89,7,0,C1
3254,22,71,7,2,C3
3255,21,64,7,2,C3
3256,15,74,8,2,C3
3257,16,76,7,2,C3
3258,27,61,9,2,C3
3259,29,93,7,0,C1
3260,19,74,5,1,C2
3261,20,83,7,0,C1
3262,15,63,9,2,C3
3263,27,67,6,2,C3
3264,24,96,5,1,C2
3265,32,84,8,0,C1
3266,15,98,8,0,C1
3267,18,100,6,1,C2
3268,21,75,7,2,C3
3269,24,72,7,2,C3
3270,19,94,7,0,C1
3271,15,100,8,0,C1
3272,25,85,6,1,C2
3273,24,92,8,0,C1
3274,15,91,6,1,C2
3275,28,74,9,2,C3
3276,27,83,10,0,C1
3277,21,93,6,1,C2
3278,20,88,5,1,C2
3279,23,61,8,2,C3
3280,15,73,7,2,C3
3281,20,66,8,2,C3
3282,7,69,6,2,C3
3283,25,96,7,0,C1
3284,11,61,6,2,C3
3285,29,69,7,2,C3
3286,18,72,5,1,C2
3287,19,85,7,0,C1
3288,16,81,5,1,C2
3289,18,69,6,2,C3
3290,29,67,7,2,C3
3291,5,69,8,2,C3
3292,28,80,8,0,C1
3293,22,71,8,2,C3
3294,13,98,5,1,C2
3295,14,79,9,0,C1
3296,30,62,6,2,C3
3297,14,89,6,1,C2
3298,13,73,7,2,C3
3299,27,86,6,1,C2
3300,22,71,8,2,C3
3301,14,83,8,0,C1
3302,21,91,6,1,C2
3303,14,97,7,0,C1
3304,27,70,7,2,C3
3305,26,73,8,2,C3
3306,23,79,6,1,C2
3307,22,97,6,1,C2
3308,31,96,5,1,C2
3309,20,64,6,2,C3
3310,13,65,5,1,C2
3311,23,80,6,1,C2
3312,33,64,9,2,C3
3313,14,74,8,2,C3
3314,18,66,9,2,C3
3315,22,85,6,1,C2
3316,20,98,4,1,C2
3317,14,100,7,0,C1
3318,27,75,10,2,C3
3319,34,84,6,1,C2
3320,21,94,7,0,C1
3321,15,65,5,1,C2
3322,11,88,7,0,C1
3323,22,76,7,2,C3
3324,27,68,4,1,C2
3325,23,76,5,1,C2
3326,20,63,5,2,C3
3327,16,88,5,1,C2
3328,13,70,6,2,C3
3329,25,72,8,2,C3
3330,25,65,6,2,C3
3331,11,95,9,0,C1
3332,30,80,6,1,C2
3333,23,83,7,0,C1
3334,28,83,8,0,C1
3335,12,76,9,0,C1
3336,12,68,6,2,C3
3337,19,90,8,0,C1
3338,23,65,6,2,C3
3339,31,64,10,2,C3
3340,24,88,5,1,C2
3341,19,68,8,2,C3
3342,14,72,9,2,C3
3343,27,79,5,1,C2
3344,14,78,8,0,C1
3345,30,88,6,1,C2
3346,18,85,10,0,C1
3347,30,86,4,1,C2
3348,24,89,5,1,C2
3349,19,72,5,1,C2
3350,17,73,5,1,C2
3351,18,78,8,2,C3
3352,23,72,10,2,C3
3353,20,99,9,0,C1
3354,16,93,7,0,C1
3355,19,67,7,2,C3
3356,20,60,6,2,C3
3357,7,62,8,2,C3
3358,23,70,7,2,C3
3359,14,65,7,2,C3
3360,13,81,6,1,C2
3361,10,94,5,1,C2
3362,9,89,7,0,C1
3363,12,69,7,2,C3
3364,16,76,6,1,C2
3365,32,80,6,1,C2
3366,17,92,8,0,C1
3367,21,94,8,0,C1
3368,22,96,10,0,C1
3369,21,80,9,0,C1
3370,20,88,5,1,C2
3371,13,64,7,2,C3
3372,29,83,5,1,C2
3373,31,70,4,1,C2
3374,10,77,10,0,C1
3375,14,85,9,0,C1
3376,18,70,6,2,C3
3377,14,62,9,2,C3
3378,23,60,9,2,C3
3379,16,61,4,1,C2
3380,33,60,8,2,C3
3381,27,64,6,2,C3
3382,21,70,8,2,C3
3383,26,69,10,2,C3
3384,27,99,9,0,C1
3385,17,72,7,2,C3
3386,15,65,9,2,C3
3387,20,82,4,1,C2
3388,25,94,8,0,C1
3389,21,87,8,0,C1
3390,11,72,8,2,C3
3391,15,82,6,1,C2
3392,20,89,8,0,C1
3393,20,89,8,0,C1
3394,32,87,4,1,C2
3395,12,95,7,0,C1
3396,23,95,6,1,C2
3397,29,83,8,0,C1
3398,34,77,9,2,C3
3399,18,86,6,1,C2
3400,23,93,5,1,C2
3401,23,60,7,2,C3
3402,21,100,5,1,C2
3403,19,67,7,2,C3
3404,23,79,7,2,C3
3405,5,95,8,0,C1
3406,24,69,7,2,C3
3407,21,79,7,2,C3
3408,19,65,9,2,C3
3409,32,76,7,2,C3
3410,16,67,6,2,C3
3411,18,75,7,2,C3
3412,32,75,6,2,C3
3413,15,100,5,1,C2
3414,17,100,5,1,C2
3415,19,65,9,2,C3
3416,25,89,6,1,C2
3417,21,62,7,2,C3
3418,12,61,7,2,C3
3419,17,64,7,2,C3
3420,16,99,9,0,C1
3421,20,98,7,0,C1
3422,23,68,6,2,C3
3423,23,66,6,2,C3
3424,9,70,8,2,C3
3425,26,81,8,0,C1
3426,22,83,8,0,C1
3427,28,69,7,2,C3
3428,23,90,5,1,C2
3429,27,72,8,2,C3
3430,23,97,7,0,C1
3431,28,86,7,0,C1
3432,23,77,5,1,C2
3433,19,92,6,1,C2
3434,34,93,6,1,C2
3435,25,72,8,2,C3
3436,23,74,8,2,C3
3437,12,97,7,0,C1
3438,12,67,8,2,C3
3439,22,62,9,2,C3
3440,21,78,8,2,C3
3441,16,92,8,0,C1
3442,21,91,6,1,C2
3443,30,97,6,1,C2
3444,24,81,9,0,C1
3445,13,64,6,2,C3
3446,19,84,8,0,C1
3447,15,91,10,0,C1
3448,18,64,8,2,C3
3449,18,67,7,2,C3
3450,17,60,5,2,C3
3451,12,84,7,0,C1
3452,19,95,9,0,C1
3453,17,87,7,0,C1
3454,2,99,9,0,C1
3455,32,63,8,2,C3
3456,27,96,7,0,C1
3457,18,93,7,0,C1
3458,20,73,5,1,C2
3459,13,99,6,1,C2
3460,30,72,6,2,C3
3461,31,96,8,0,C1
3462,21,95,7,0,C1
3463,26,90,9,0,C1
3464,21,83,7,0,C1
3465,12,65,6,2,C3
3466,18,81,6,1,C2
3467,21,74,6,1,C2
3468,17,92,7,0,C1
3469,19,90,6,1,C2
3470,19,96,5,1,C2
3471,20,61,9,2,C3
3472,20,92,7,0,C1
3473,14,98,7,0,C1
3474,16,92,6,1,C2
3475,12,65,5,1,C2
3476,26,63,7,2,C3
3477,7,61,4,1,C2
3478,27,85,8,0,C1
3479,28,85,6,1,C2
3480,18,99,7,0,C1
3481,4,76,8,2,C3
3482,18,73,7,2,C3
3483,20,85,5,1,C2
3484,14,93,9,0,C1
3485,17,97,5,1,C2
3486,29,92,4,1,C2
3487,24,77,8,2,C3
3488,14,85,5,1,C2
3489,10,94,9,0,C1
3490,18,80,8,0,C1
3491,19,69,7,2,C3
3492,23,67,6,2,C3
3493,17,60,6,2,C3
3494,23,89,6,1,C2
3495,32,64,6,2,C3
3496,25,70,9,2,C3
3497,20,72,6,2,C3
3498,19,82,8,0,C1
3499,18,76,9,2,C3
3500,27,87,6,1,C2
3501,16,62,8,2,C3
3502,20,65,6,2,C3
3503,20,80,7,2,C3
3504,17,73,6,1,C2
3505,12,72,6,1,C2
3506,22,63,7,2,C3
3507,20,96,5,1,C2
3508,23,88,8,0,C1
3509,17,65,5,1,C2
3510,27,63,5,2,C3
3511,15,99,7,0,C1
3512,30,87,6,1,C2
3513,10,77,8,2,C3
3514,23,88,7,0,C1
3515,23,90,5,1,C2
3516,15,91,8,0,C1
3517,23,79,7,2,C3
3518,28,77,7,2,C3
3519,7,60,10,2,C3
3520,23,97,9,0,C1
3521,5,84,7,0,C1
3522,14,68,5,1,C2
3523,30,97,5,1,C2
3524,17,97,9,0,C1
3525,13,100,6,1,C2
3526,19,95,7,0,C1
3527,32,100,5,1,C2
3528,9,70,8,2,C3
3529,14,94,9,0,C1
3530,29,93,9,0,C1
3531,31,69,6,2,C3
3532,19,64,8,2,C3
3533,13,99,7,0,C1
3534,33,72,8,2,C3
3535,30,95,7,0,C1
3536,24,60,6,2,C3
3537,15,61,9,2,C3
3538,20,79,7,2,C3
3539,19,70,6,2,C3
3540,22,88,7,0,C1
3541,29,83,6,1,C2
3542,25,63,8,2,C3
3543,14,67,7,2,C3
3544,28,76,6,1,C2
3545,22,67,10,2,C3
3546,24,92,5,1,C2
3547,29,77,8,2,C3
3548,13,64,7,2,C3
3549,20,79,5,1,C2
3550,17,64,6,2,C3
3551,11,65,5,1,C2
3552,22,70,10,2,C3
3553,35,94,7,0,C1
3554,9,97,7,0,C1
3555,20,93,10,0,C1
3556,24,73,6,2,C3
3557,21,71,9,2,C3
3558,19,82,8,0,C1
3559,12,89,4,1,C2
3560,21,100,6,1,C2
3561,15,65,8,2,C3
3562,7,62,7,2,C3
3563,27,88,7,0,C1
3564,26,93,6,1,C2
3565,20,94,6,1,C2
3566,21,87,7,0,C1
3567,26,98,10,0,C1
3568,21,80,6,1,C2
3569,25,97,6,1,C2
3570,18,99,7,0,C1
3571,28,94,5,1,C2
3572,22,72,8,2,C3
3573,21,68,5,1,C2
3574,12,82,5,1,C2
3575,22,78,5,1,C2
3576,15,95,5,1,C2
3577,16,64,9,2,C3
3578,15,70,8,2,C3
3579,14,90,8,0,C1
3580,33,64,8,2,C3
3581,28,73,7,2,C3
3582,32,75,7,2,C3
3583,13,85,9,0,C1
3584,20,66,9,2,C3
3585,12,94,5,1,C2
3586,16,78,10,0,C1
3587,14,97,5,1,C2
3588,27,79,6,1,C2
3589,18,71,7,2,C3
3590,26,66,7,2,C3
3591,24,60,10,2,C3
3592,34,81,9,0,C1
3593,11,64,8,2,C3
3594,28,76,9,2,C3
3595,27,84,8,0,C1
3596,14,71,6,2,C3
3597,26,67,8,2,C3
3598,22,91,7,0,C1
3599,19,98,6,1,C2
3600,15,64,9,2,C3
3601,16,66,7,2,C3
3602,32,98,5,1,C2
3603,20,62,6,2,C3
3604,25,99,8,0,C1
3605,15,60,9,2,C3
3606,15,95,8,0,C1
3607,26,72,8,2,C3
3608,12,98,6,1,C2
3609,18,73,7,2,C3
3610,20,86,7,0,C1
3611,21,63,7,2,C3
3612,19,70,7,2,C3
3613,22,91,6,1,C2
3614,24,81,8,0,C1
3615,24,97,5,1,C2
3616,14,77,5,1,C2
3617,18,95,6,1,C2
3618,27,78,8,2,C3
3619,25,99,8,0,C1
3620,12,98,4,1,C2
3621,22,73,8,2,C3
3622,8,95,7,0,C1
3623,20,94,6,1,C2
3624,31,68,7,2,C3
3625,14,85,5,1,C2
3626,15,63,7,2,C3
3627,25,93,5,1,C2
3628,11,67,6,2,C3
3629,16,63,6,2,C3
3630,24,76,8,2,C3
3631,16,83,7,0,C1
3632,19,94,8,0,C1
3633,24,99,5,1,C2
3634,23,78,7,2,C3
3635,22,62,8,2,C3
3636,18,90,9,0,C1
3637,22,83,5,1,C2
3638,19,78,6,1,C2
3639,23,72,8,2,C3
3640,17,80,9,0,C1
3641,19,74,7,2,C3
3642,14,90,5,1,C2
3643,20,82,5,1,C2
3644,15,95,7,0,C1
3645,13,82,8,0,C1
3646,22,70,7,2,C3
3647,21,94,5,1,C2
3648,25,82,9,0,C1
3649,17,68,6,2,C3
3650,22,85,8,0,C1
3651,23,74,4,1,C2
3652,23,94,9,0,C1
3653,15,78,6,1,C2
3654,21,89,9,0,C1
3655,22,64,8,2,C3
3656,20,76,5,1,C2
3657,7,99,7,0,C1
3658,21,92,9,0,C1
3659,33,66,6,2,C3
3660,18,71,9,2,C3
3661,16,73,8,2,C3
3662,22,86,9,0,C1
3663,22,90,7,0,C1
3664,27,90,7,0,C1
3665,12,80,10,0,C1
3666,24,92,8,0,C1
3667,24,77,7,2,C3
3668,19,65,8,2,C3
3669,22,83,6,1,C2
3670,26,98,7,0,C1
3671,25,92,9,0,C1
3672,13,83,7,0,C1
3673,25,86,6,1,C2
3674,20,97,6,1,C2
3675,20,77,7,2,C3
3676,20,73,6,2,C3
3677,19,99,5,1,C2
3678,27,95,5,1,C2
3679,19,73,9,2,C3
3680,13,79,7,2,C3
3681,18,77,7,2,C3
3682,21,66,6,2,C3
3683,27,98,6,1,C2
3684,24,76,6,1,C2
3685,15,95,7,0,C1
3686,35,68,5,1,C2
3687,22,82,9,0,C1
3688,28,61,7,2,C3
3689,19,91,7,0,C1
3690,23,83,8,0,C1
3691,25,85,8,0,C1
3692,27,62,6,2,C3
3693,26,68,8,2,C3
3694,25,63,8,2,C3
3695,18,72,7,2,C3
3696,17,85,9,0,C1
3697,22,83,8,0,C1
3698,26,84,8,0,C1
3699,19,82,9,0,C1
3700,26,71,7,2,C3
3701,29,70,7,2,C3
3702,15,65,8,2,C3
3703,15,94,7,0,C1
3704,19,85,8,0,C1
3705,22,67,6,2,C3
3706,17,67,4,1,C2
3707,28,95,8,0,C1
3708,23,90,5,1,C2
3709,20,86,6,1,C2
3710,11,76,8,2,C3
3711,12,70,8,2,C3
3712,22,99,9,0,C1
3713,7,92,4,1,C2
3714,26,72,7,2,C3
3715,19,94,7,0,C1
3716,39,90,8,0,C1
3717,34,72,9,2,C3
3718,19,77,5,1,C2
3719,19,67,7,2,C3
3720,26,64,8,2,C3
3721,30,89,6,1,C2
3722,10,71,10,2,C3
3723,9,93,6,1,C2
3724,16,100,7,0,C1
3725,23,63,5,2,C3
3726,23,79,7,2,C3
3727,26,92,4,1,C2
3728,13,92,7,0,C1
3729,6,90,9,0,C1
3730,25,74,5,1,C2
3731,15,78,5,1,C2
3732,8,84,9,0,C1
3733,21,99,9,0,C1
3734,25,73,5,1,C2
3735,19,97,10,0,C1
3736,17,71,8,2,C3
3737,19,100,9,0,C1
3738,18,87,6,1,C2
3739,12,79,9,0,C1
3740,16,85,7,0,C1
3741,23,71,7,2,C3
3742,22,71,8,2,C3
3743,21,65,6,2,C3
3744,14,65,5,1,C2
3745,19,74,7,2,C3
3746,7,91,7,0,C1
3747,21,84,6,1,C2
3748,29,64,9,2,C3
3749,11,94,10,0,C1
3750,16,84,6,1,C2
3751,22,98,7,0,C1
3752,28,87,6,1,C2
3753,17,67,10,2,C3
3754,16,79,8,0,C1
3755,8,86,8,0,C1
3756,21,61,9,2,C3
3757,32,61,7,2,C3
3758,22,65,7,2,C3
3759,20,70,9,2,C3
3760,22,77,8,2,C3
3761,20,79,6,1,C2
3762,15,66,6,2,C3
3763,25,87,6,1,C2
3764,21,84,9,0,C1
3765,20,72,9,2,C3
3766,14,61,10,2,C3
3767,28,63,6,2,C3
3768,24,76,7,2,C3
3769,17,66,6,2,C3
3770,26,75,7,2,C3
3771,17,85,8,0,C1
3772,15,82,7,0,C1
3773,15,69,9,2,C3
3774,9,74,6,1,C2
3775,23,85,8,0,C1
3776,9,94,6,1,C2
3777,13,90,4,1,C2
3778,8,82,5,1,C2
3779,19,74,7,2,C3
3780,19,75,10,0,C1
3781,18,95,6,1,C2
3782,14,62,7,2,C3
3783,13,100,8,0,C1
3784,23,87,6,1,C2
3785,17,87,6,1,C2
3786,22,62,7,2,C3
3787,15,84,6,1,C2
3788,21,79,4,1,C2
3789,28,64,6,2,C3
3790,24,71,8,2,C3
3791,18,96,8,0,C1
3792,22,82,9,0,C1
3793,19,77,9,0,C1
3794,20,63,6,2,C3
3795,18,89,6,1,C2
3796,19,88,6,1,C2
3797,21,85,7,0,C1
3798,14,80,6,1,C2
3799,14,77,7,2,C3
3800,12,84,6,1,C2
3801,10,69,8,2,C3
3802,13,98,6,1,C2
3803,21,84,6,1,C2
3804,15,72,8,2,C3
3805,23,78,8,2,C3
3806,20,92,7,0,C1
3807,8,66,8,2,C3
3808,24,72,8,2,C3
3809,25,87,10,0,C1
3810,14,73,8,2,C3
3811,23,92,10,0,C1
3812,15,65,7,2,C3
3813,21,91,9,0,C1
3814,12,63,9,2,C3
3815,9,61,7,2,C3
3816,18,96,6,1,C2
3817,19,83,6,1,C2
3818,18,74,8,2,C3
3819,13,69,5,1,C2
3820,18,85,6,1,C2
3821,22,80,9,0,C1
3822,20,100,8,0,C1
3823,21,99,4,1,C2
3824,16,85,5,1,C2
3825,27,78,10,0,C1
3826,13,80,9,0,C1
3827,23,87,6,1,C2
3828,27,64,5,2,C3
3829,23,73,5,1,C2
3830,19,63,8,2,C3
3831,17,63,10,2,C3
3832,26,68,10,2,C3
3833,11,79,5,1,C2
3834,14,91,7,0,C1
3835,18,79,6,1,C2
3836,27,73,7,2,C3
3837,22,63,5,2,C3
3838,14,82,6,1,C2
3839,18,71,6,2,C3
3840,16,85,8,0,C1
3841,16,99,6,1,C2
3842,26,64,6,2,C3
3843,12,68,8,2,C3
3844,30,79,9,0,C1
3845,25,99,10,0,C1
3846,27,91,8,0,C1
3847,17,96,7,0,C1
3848,19,73,9,2,C3
3849,11,100,9,0,C1
3850,17,64,8,2,C3
3851,23,62,5,2,C3
3852,28,94,9,0,C1
3853,13,97,8,0,C1
3854,18,64,6,2,C3
3855,19,65,6,2,C3
3856,12,61,8,2,C3
3857,24,64,4,1,C2
3858,16,68,7,2,C3
3859,19,99,6,1,C2
3860,17,87,6,1,C2
3861,15,91,6,1,C2
3862,20,91,5,1,C2
3863,19,81,9,0,C1
3864,18,92,4,1,C2
3865,16,84,7,0,C1
3866,22,73,6,2,C3
3867,30,82,10,0,C1
3868,21,81,7,0,C1
3869,26,93,4,1,C2
3870,12,99,8,0,C1
3871,21,76,5,1,C2
3872,13,91,8,0,C1
3873,11,64,8,2,C3
3874,16,91,9,0,C1
3875,27,75,7,2,C3
3876,26,62,8,2,C3
3877,21,75,7,2,C3
3878,11,84,6,1,C2
3879,19,65,9,2,C3
3880,22,97,5,1,C2
3881,21,63,7,2,C3
3882,9,97,6,1,C2
3883,15,88,8,0,C1
3884,20,73,6,2,C3
3885,23,76,6,1,C2
3886,7,90,7,0,C1
3887,19,84,9,0,C1
3888,21,87,6,1,C2
3889,25,76,6,1,C2
3890,24,80,5,1,C2
3891,23,100,6,1,C2
3892,15,69,8,2,C3
3893,9,77,7,2,C3
3894,18,72,7,2,C3
3895,26,91,10,0,C1
3896,28,91,4,1,C2
3897,24,72,10,2,C3
3898,23,63,9,2,C3
3899,22,60,7,2,C3
3900,17,77,8,2,C3
3901,19,76,6,1,C2
3902,30,100,7,0,C1
3903,14,79,10,0,C1
3904,30,70,6,2,C3
3905,18,96,7,0,C1
3906,28,80,6,1,C2
3907,12,84,6,1,C2
3908,24,64,6,2,C3
3909,16,75,5,1,C2
3910,12,98,7,0,C1
3911,21,84,7,0,C1
3912,26,74,6,2,C3
3913,15,85,4,1,C2
3914,11,96,7,0,C1
3915,19,71,7,2,C3
3916,19,80,10,0,C1
3917,23,98,7,0,C1
3918,26,67,8,2,C3
3919,20,89,6,1,C2
3920,31,85,9,0,C1
3921,21,87,6,1,C2
3922,18,74,8,2,C3
3923,10,73,8,2,C3
3924,18,87,8,0,C1
3925,18,69,10,2,C3
3926,26,77,6,1,C2
3927,23,68,9,2,C3
3928,13,60,9,2,C3
3929,21,99,7,0,C1
3930,24,77,10,0,C1
3931,29,99,7,0,C1
3932,25,66,7,2,C3
3933,25,83,7,0,C1
3934,20,68,5,1,C2
3935,22,92,8,0,C1
3936,27,91,8,0,C1
3937,12,65,7,2,C3
3938,18,96,10,0,C1
3939,15,68,6,2,C3
3940,22,85,4,1,C2
3941,27,99,10,0,C1
3942,16,95,9,0,C1
3943,6,98,8,0,C1
3944,18,74,6,1,C2
3945,25,64,8,2,C3
3946,23,68,5,1,C2
3947,23,80,7,2,C3
3948,18,92,6,1,C2
3949,12,66,7,2,C3
3950,23,86,8,0,C1
3951,15,73,5,1,C2
3952,33,74,8,2,C3
3953,23,86,7,0,C1
3954,17,79,8,0,C1
3955,16,92,7,0,C1
3956,19,66,8,2,C3
3957,19,92,6,1,C2
3958,27,63,4,1,C2
3959,21,68,5,1,C2
3960,16,86,6,1,C2
3961,31,94,5,1,C2
3962,20,70,9,2,C3
3963,25,73,7,2,C3
3964,16,81,8,0,C1
3965,22,68,8,2,C3
3966,22,92,7,0,C1
3967,9,91,10,0,C1
3968,32,66,10,2,C3
3969,28,79,9,0,C1
3970,18,91,6,1,C2
3971,13,73,9,2,C3
3972,22,85,4,1,C2
3973,21,62,9,2,C3
3974,22,84,4,1,C2
3975,21,66,7,2,C3
3976,23,93,9,0,C1
3977,29,74,8,2,C3
3978,23,71,5,1,C2
3979,14,94,7,0,C1
3980,28,62,8,2,C3
3981,30,76,7,2,C3
3982,39,75,6,2,C3
3983,13,71,8,2,C3
3984,21,96,9,0,C1
3985,8,90,7,0,C1
3986,23,63,9,2,C3
3987,17,89,7,0,C1
3988,32,81,6,1,C2
3989,15,96,9,0,C1
3990,10,73,9,2,C3
3991,17,83,6,1,C2
3992,8,80,6,1,C2
3993,25,80,10,0,C1
3994,8,78,7,2,C3
3995,20,68,7,2,C3
3996,8,90,7,0,C1
3997,18,78,9,0,C1
3998,30,98,10,0,C1
3999,22,70,7,2,C3
4000,15,87,10,0,C1
4001,20,98,6,1,C2
4002,20,87,7,0,C1
4003,23,95,8,0,C1
4004,12,93,6,1,C2
4005,24,74,8,2,C3
4006,4,84,6,1,C2
4007,16,66,5,1,C2
4008,17,81,4,1,C2
4009,24,69,7,2,C3
4010,20,90,8,0,C1
4011,12,81,5,1,C2
4012,14,76,7,2,C3
4013,21,71,7,2,C3
4014,20,100,7,0,C1
4015,17,63,6,2,C3
4016,17,62,7,2,C3
4017,24,69,7,2,C3
4018,17,99,8,0,C1
4019,19,99,5,1,C2
4020,33,86,7,0,C1
4021,11,95,5,1,C2
4022,9,69,7,2,C3
4023,25,99,5,1,C2
4024,16,66,6,2,C3
4025,18,64,7,2,C3
4026,15,64,6,2,C3
4027,18,83,9,0,C1
4028,30,91,9,0,C1
4029,25,75,8,2,C3
4030,25,99,8,0,C1
4031,12,77,7,2,C3
4032,13,66,9,2,C3
4033,3,79,7,0,C1
4034,15,87,10,0,C1
4035,26,93,6,1,C2
4036,23,78,5,1,C2
4037,19,84,5,1,C2
4038,20,71,5,1,C2
4039,16,86,5,1,C2
4040,21,99,7,0,C1
4041,25,62,8,2,C3
4042,10,95,7,0,C1
4043,22,82,5,1,C2
4044,26,70,6,2,C3
4045,18,98,8,0,C1
4046,24,79,6,1,C2
4047,37,73,6,2,C3
4048,19,67,5,1,C2
4049,22,70,6,2,C3
4050,16,93,6,1,C2
4051,21,85,7,0,C1
4052,23,97,8,0,C1
4053,21,69,7,2,C3
4054,14,65,7,2,C3
4055,21,60,8,2,C3
4056,29,80,5,1,C2
4057,23,100,10,0,C1
4058,26,88,6,1,C2
4059,19,72,8,2,C3
4060,24,95,5,1,C2
4061,22,91,7,0,C1
4062,14,61,7,2,C3
4063,22,93,9,0,C1
4064,14,72,7,2,C3
4065,16,66,9,2,C3
4066,21,69,7,2,C3
4067,22,79,10,0,C1
4068,13,77,4,1,C2
4069,26,72,8,2,C3
4070,23,67,4,1,C2
4071,16,90,7,0,C1
4072,11,100,9,0,C1
4073,19,91,9,0,C1
4074,17,72,8,2,C3
4075,21,70,7,2,C3
4076,18,69,8,2,C3
4077,8,65,10,2,C3
4078,18,82,7,0,C1
4079,18,84,8,0,C1
4080,24,88,6,1,C2
4081,16,87,9,0,C1
4082,30,72,8,2,C3
4083,9,73,6,1,C2
4084,28,87,8,0,C1
4085,19,74,8,2,C3
4086,25,69,8,2,C3
4087,20,75,7,2,C3
4088,27,71,9,2,C3
4089,18,64,6,2,C3
4090,13,93,7,0,C1
4091,29,94,7,0,C1
4092,19,69,9,2,C3
4093,21,63,6,2,C3
4094,27,90,7,0,C1
4095,14,68,6,2,C3
4096,24,76,7,2,C3
4097,16,63,8,2,C3
4098,19,69,5,1,C2
4099,20,92,9,0,C1
4100,11,92,8,0,C1
4101,15,68,6,2,C3
4102,28,73,6,2,C3
4103,25,65,9,2,C3
4104,20,63,8,2,C3
4105,21,100,6,1,C2
4106,18,86,6,1,C2
4107,28,82,8,0,C1
4108,19,91,8,0,C1
4109,21,94,8,0,C1
4110,27,92,7,0,C1
4111,15,61,8,2,C3
4112,29,67,7,2,C3
4113,11,86,6,1,C2
4114,30,75,9,2,C3
4115,18,99,8,0,C1
4116,19,87,6,1,C2
4117,9,98,7,0,C1
4118,17,68,7,2,C3
4119,14,95,6,1,C2
4120,16,73,7,2,C3
4121,19,100,6,1,C2
4122,26,66,8,2,C3
4123,21,81,7,0,C1
4124,22,92,5,1,C2
4125,13,77,7,2,C3
4126,15,79,6,1,C2
4127,31,99,4,1,C2
4128,16,77,7,2,C3
4129,30,84,9,0,C1
4130,19,62,7,2,C3
4131,20,94,8,0,C1
4132,26,86,7,0,C1
4133,28,76,6,1,C2
4134,19,61,6,2,C3
4135,18,84,5,1,C2
4136,20,61,8,2,C3
4137,22,60,8,2,C3
4138,25,85,7,0,C1
4139,20,68,4,1,C2
4140,24,68,8,2,C3
4141,30,86,6,1,C2
4142,22,62,7,2,C3
4143,22,73,5,1,C2
4144,11,66,7,2,C3
4145,4,83,7,0,C1
4146,22,86,4,1,C2
4147,19,89,9,0,C1
4148,17,70,7,2,C3
4149,21,64,7,2,C3
4150,20,63,8,2,C3
4151,27,77,7,2,C3
4152,21,98,8,0,C1
4153,16,69,5,1,C2
4154,26,70,7,2,C3
4155,19,64,4,1,C2
4156,23,84,7,0,C1
4157,17,87,9,0,C1
4158,16,86,5,1,C2
4159,21,94,6,1,C2
4160,20,79,4,1,C2
4161,23,65,7,2,C3
4162,18,72,8,2,C3
4163,9,86,8,0,C1
4164,17,85,6,1,C2
4165,25,81,4,1,C2
4166,18,87,5,1,C2
4167,19,85,9,0,C1
4168,26,95,8,0,C1
4169,16,83,7,0,C1
4170,11,91,7,0,C1
4171,19,70,5,1,C2
4172,17,87,9,0,C1
4173,14,96,6,1,C2
4174,19,75,8,2,C3
4175,23,91,5,1,C2
4176,20,89,7,0,C1
4177,22,62,9,2,C3
4178,31,83,6,1,C2
4179,18,65,8,2,C3
4180,22,99,5,1,C2
4181,17,92,6,1,C2
4182,15,64,7,2,C3
4183,16,65,8,2,C3
4184,17,84,7,0,C1
4185,22,74,8,2,C3
4186,34,61,9,2,C3
4187,16,82,6,1,C2
4188,18,76,5,1,C2
4189,20,64,6,2,C3
4190,22,92,9,0,C1
4191,22,97,6,1,C2
4192,28,90,9,0,C1
4193,5,93,7,0,C1
4194,6,69,10,2,C3
4195,17,71,10,2,C3
4196,27,68,9,2,C3
4197,11,91,5,1,C2
4198,2,98,4,1,C2
4199,23,89,7,0,C1
4200,21,95,8,0,C1
4201,13,86,8,0,C1
4202,14,76,6,1,C2
4203,14,77,5,1,C2
4204,21,63,8,2,C3
4205,16,61,10,2,C3
4206,23,88,6,1,C2
4207,3,78,8,0,C1
4208,15,82,10,0,C1
4209,13,82,7,0,C1
4210,18,71,7,2,C3
4211,17,79,8,0,C1
4212,25,79,7,2,C3
4213,9,76,9,0,C1
4214,20,93,6,1,C2
4215,23,78,7,2,C3
4216,31,84,5,1,C2
4217,17,96,7,0,C1
4218,22,95,5,1,C2
4219,9,96,8,0,C1
4220,6,71,5,1,C2
4221,25,61,8,2,C3
4222,20,70,6,2,C3
4223,27,71,10,2,C3
4224,12,96,9,0,C1
4225,23,86,8,0,C1
4226,31,63,5,2,C3
4227,23,65,6,2,C3
4228,22,66,6,2,C3
4229,20,85,6,1,C2
4230,11,89,9,0,C1
4231,28,94,7,0,C1
4232,16,98,6,1,C2
4233,23,68,6,2,C3
4234,11,72,6,1,C2
4235,13,70,8,2,C3
4236,29,74,5,1,C2
4237,18,97,7,0,C1
4238,29,83,8,0,C1
4239,20,90,4,1,C2
4240,9,80,5,1,C2
4241,25,61,7,2,C3
4242,16,63,9,2,C3
4243,24,82,9,0,C1
4244,20,89,6,1,C2
4245,11,69,9,2,C3
4246,21,89,7,0,C1
4247,33,92,7,0,C1
4248,23,76,7,2,C3
4249,20,90,8,0,C1
4250,26,76,6,1,C2
4251,21,87,6,1,C2
4252,21,91,5,1,C2
4253,13,100,8,0,C1
4254,21,74,8,2,C3
4255,26,76,8,2,C3
4256,15,67,5,1,C2
4257,29,68,6,2,C3
4258,19,88,9,0,C1
4259,15,97,7,0,C1
4260,26,76,7,2,C3
4261,18,67,7,2,C3
4262,25,71,8,2,C3
4263,18,78,7,2,C3
4264,20,72,6,2,C3
4265,23,69,8,2,C3
4266,22,89,5,1,C2
4267,8,60,9,2,C3
4268,13,82,6,1,C2
4269,26,92,8,0,C1
4270,19,71,7,2,C3
4271,17,84,6,1,C2
4272,12,87,9,0,C1
4273,14,86,8,0,C1
4274,8,78,7,2,C3
4275,19,74,10,2,C3
4276,16,93,8,0,C1
4277,14,90,6,1,C2
4278,20,73,4,1,C2
4279,22,64,7,2,C3
4280,33,63,9,2,C3
4281,11,64,8,2,C3
4282,27,83,9,0,C1
4283,26,62,6,2,C3
4284,15,73,7,2,C3
4285,21,90,7,0,C1
4286,17,72,7,2,C3
4287,21,91,8,0,C1
4288,29,90,9,0,C1
4289,24,70,10,2,C3
4290,23,89,9,0,C1
4291,17,90,8,0,C1
4292,11,76,6,1,C2
4293,19,68,7,2,C3
4294,27,81,8,0,C1
4295,11,97,7,0,C1
4296,14,86,6,1,C2
4297,21,67,6,2,C3
4298,14,87,8,0,C1
4299,15,77,7,2,C3
4300,17,84,7,0,C1
4301,12,89,7,0,C1
4302,14,81,6,1,C2
4303,24,93,7,0,C1
4304,12,89,6,1,C2
4305,10,85,6,1,C2
4306,16,66,5,1,C2
4307,24,93,7,0,C1
4308,19,97,8,0,C1
4309,17,65,9,2,C3
4310,20,80,5,1,C2
4311,10,70,9,2,C3
4312,23,90,7,0,C1
4313,22,89,5,1,C2
4314,18,66,6,2,C3
4315,26,95,4,1,C2
4316,13,67,5,1,C2
4317,27,92,10,0,C1
4318,21,78,6,1,C2
4319,18,73,8,2,C3
4320,20,66,7,2,C3
4321,19,67,7,2,C3
4322,27,86,8,0,C1
4323,14,82,4,1,C2
4324,15,65,9,2,C3
4325,26,65,7,2,C3
4326,16,63,6,2,C3
4327,25,90,8,0,C1
4328,30,88,6,1,C2
4329,18,62,7,2,C3
4330,24,82,7,0,C1
4331,13,63,8,2,C3
4332,25,96,7,0,C1
4333,21,96,5,1,C2
4334,23,88,8,0,C1
4335,16,97,7,0,C1
4336,10,92,4,1,C2
4337,23,93,7,0,C1
4338,8,83,6,1,C2
4339,18,72,8,2,C3
4340,26,69,6,2,C3
4341,21,73,5,1,C2
4342,32,85,9,0,C1
4343,26,67,8,2,C3
4344,16,70,7,2,C3
4345,20,79,8,0,C1
4346,20,69,8,2,C3
4347,11,84,7,0,C1
4348,14,97,5,1,C2
4349,17,90,7,0,C1
4350,8,87,9,0,C1
4351,20,83,8,0,C1
4352,19,80,7,2,C3
4353,10,67,8,2,C3
4354,22,96,7,0,C1
4355,24,70,9,2,C3
4356,21,64,9,2,C3
4357,18,90,5,1,C2
4358,24,67,9,2,C3
4359,24,75,10,2,C3
4360,22,61,8,2,C3
4361,15,65,8,2,C3
4362,22,67,6,2,C3
4363,27,62,6,2,C3
4364,16,86,7,0,C1
4365,33,93,6,1,C2
4366,17,75,5,1,C2
4367,20,95,7,0,C1
4368,16,69,8,2,C3
4369,21,73,5,1,C2
4370,10,66,7,2,C3
4371,17,85,7,0,C1
4372,13,77,7,2,C3
4373,21,85,8,0,C1
4374,26,90,8,0,C1
4375,24,82,6,1,C2
4376,6,85,9,0,C1
4377,32,97,8,0,C1
4378,22,72,9,2,C3
4379,15,74,7,2,C3
4380,21,89,7,0,C1
4381,21,84,7,0,C1
4382,16,67,9,2,C3
4383,21,75,7,2,C3
4384,16,79,7,2,C3
4385,18,77,10,0,C1
4386,16,67,5,1,C2
4387,11,97,8,0,C1
4388,21,90,7,0,C1
4389,24,79,7,2,C3
4390,23,87,6,1,C2
4391,25,96,6,1,C2
4392,22,65,6,2,C3
4393,17,70,8,2,C3
4394,25,82,8,0,C1
4395,12,92,4,1,C2
4396,15,61,5,2,C3
4397,14,99,8,0,C1
4398,26,78,8,2,C3
4399,26,74,5,1,C2
4400,23,72,8,2,C3
4401,26,67,7,2,C3
4402,15,92,8,0,C1
4403,22,98,6,1,C2
4404,19,77,5,1,C2
4405,25,98,7,0,C1
4406,19,93,7,0,C1
4407,18,79,7,2,C3
4408,23,87,6,1,C2
4409,25,77,10,0,C1
4410,16,82,4,1,C2
4411,20,62,6,2,C3
4412,14,88,6,1,C2
4413,5,62,7,2,C3
4414,21,93,8,0,C1
4415,24,93,8,0,C1
4416,22,69,9,2,C3
4417,8,73,8,2,C3
4418,18,79,4,1,C2
4419,7,84,5,1,C2
4420,28,71,9,2,C3
4421,13,84,9,0,C1
4422,28,72,8,2,C3
4423,26,62,6,2,C3
4424,15,60,7,2,C3
4425,13,64,6,2,C3
4426,22,92,5,1,C2
4427,15,98,7,0,C1
4428,21,77,10,0,C1
4429,17,81,6,1,C2
4430,9,66,9,2,C3
4431,7,82,6,1,C2
4432,21,66,5,1,C2
4433,17,84,8,0,C1
4434,17,97,7,0,C1
4435,24,68,9,2,C3
4436,27,91,9,0,C1
4437,18,61,7,2,C3
4438,18,75,9,2,C3
4439,23,64,6,2,C3
4440,12,74,6,1,C2
4441,21,67,9,2,C3
4442,23,75,5,1,C2
4443,24,77,7,2,C3
4444,8,72,9,2,C3
4445,15,86,9,0,C1
4446,15,97,6,1,C2
4447,21,76,9,2,C3
4448,23,68,5,1,C2
4449,29,71,6,2,C3
4450,17,94,7,0,C1
4451,17,83,8,0,C1
4452,27,78,5,1,C2
4453,22,66,10,2,C3
4454,28,78,4,1,C2
4455,22,71,7,2,C3
4456,13,98,7,0,C1
4457,12,95,4,1,C2
4458,11,63,9,2,C3
4459,24,81,6,1,C2
4460,27,69,7,2,C3
4461,31,76,7,2,C3
4462,25,95,5,1,C2
4463,27,81,5,1,C2
4464,17,73,9,2,C3
4465,13,68,7,2,C3
4466,25,92,4,1,C2
4467,23,85,7,0,C1
4468,21,79,7,2,C3
4469,22,69,7,2,C3
4470,22,73,4,1,C2
4471,28,98,7,0,C1
4472,28,81,6,1,C2
4473,23,76,7,2,C3
4474,25,81,8,0,C1
4475,23,91,8,0,C1
4476,17,74,9,2,C3
4477,25,67,10,2,C3
4478,12,83,5,1,C2
4479,26,87,6,1,C2
4480,13,89,8,0,C1
4481,22,95,7,0,C1
4482,15,75,4,1,C2
4483,23,63,7,2,C3
4484,20,98,9,0,C1
4485,10,77,5,1,C2
4486,23,85,7,0,C1
4487,17,87,4,1,C2
4488,25,82,8,0,C1
4489,20,68,7,2,C3
4490,22,90,6,1,C2
4491,14,92,6,1,C2
4492,16,82,5,1,C2
4493,17,80,9,0,C1
4494,25,65,6,2,C3
4495,30,63,8,2,C3
4496,15,74,6,1,C2
4497,26,72,10,2,C3
4498,7,98,9,0,C1
4499,13,91,10,0,C1
4500,14,86,10,0,C1
4501,12,81,6,1,C2
4502,10,67,6,2,C3
4503,22,99,10,0,C1
4504,19,75,7,2,C3
4505,22,64,8,2,C3
4506,24,80,6,1,C2
4507,22,95,6,1,C2
4508,24,95,8,0,C1
4509,20,60,4,1,C2
4510,13,95,8,0,C1
4511,26,71,8,2,C3
4512,16,62,6,2,C3
4513,14,94,7,0,C1
4514,19,95,7,0,C1
4515,15,84,7,0,C1
4516,17,83,8,0,C1
4517,22,93,6,1,C2
4518,22,91,10,0,C1
4519,15,96,7,0,C1
4520,17,82,7,0,C1
4521,26,99,10,0,C1
4522,23,100,4,1,C2
4523,32,65,10,2,C3
4524,27,94,7,0,C1
4525,27,80,6,1,C2
4526,12,76,5,1,C2
4527,25,85,5,1,C2
4528,20,62,6,2,C3
4529,17,80,7,0,C1
4530,21,95,8,0,C1
4531,26,69,7,2,C3
4532,23,77,6,1,C2
4533,15,98,9,0,C1
4534,24,77,10,0,C1
4535,16,74,9,2,C3
4536,21,78,6,1,C2
4537,18,81,8,0,C1
4538,19,85,8,0,C1
4539,25,92,9,0,C1
4540,14,78,6,1,C2
4541,32,93,6,1,C2
4542,9,81,9,0,C1
4543,16,74,8,2,C3
4544,22,86,5,1,C2
4545,24,89,8,0,C1
4546,19,82,10,0,C1
4547,20,62,6,2,C3
4548,22,67,6,2,C3
4549,19,71,7,2,C3
4550,28,71,8,2,C3
4551,25,87,7,0,C1
4552,25,61,9,2,C3
4553,14,90,7,0,C1
4554,20,71,9,2,C3
4555,18,72,6,2,C3
4556,14,81,5,1,C2
4557,22,69,6,2,C3
4558,17,95,5,1,C2
4559,24,63,8,2,C3
4560,14,78,4,1,C2
4561,30,94,6,1,C2
4562,15,85,7,0,C1
4563,21,72,5,1,C2
4564,25,77,7,2,C3
4565,17,88,7,0,C1
4566,25,99,9,0,C1
4567,13,96,5,1,C2
4568,29,74,8,2,C3
4569,20,100,8,0,C1
4570,16,60,7,2,C3
4571,18,61,6,2,C3
4572,25,93,5,1,C2
4573,16,68,10,2,C3
4574,16,62,7,2,C3
4575,19,69,7,2,C3
4576,13,77,10,0,C1
4577,31,89,7,0,C1
4578,17,85,10,0,C1
4579,25,70,5,1,C2
4580,21,80,7,2,C3
4581,14,97,5,1,C2
4582,20,93,7,0,C1
4583,25,73,7,2,C3
4584,19,99,6,1,C2
4585,27,88,7,0,C1
4586,26,62,6,2,C3
4587,26,61,7,2,C3
4588,17,67,6,2,C3
4589,14,89,9,0,C1
4590,16,67,5,1,C2
4591,21,80,7,2,C3
4592,23,64,5,2,C3
4593,7,97,6,1,C2
4594,20,74,6,1,C2
4595,21,96,7,0,C1
4596,18,98,7,0,C1
4597,28,60,5,2,C3
4598,23,79,6,1,C2
4599,28,61,6,2,C3
4600,19,96,5,1,C2
4601,26,81,9,0,C1
4602,30,63,5,2,C3
4603,28,64,7,2,C3
4604,13,75,10,0,C1
4605,18,98,9,0,C1
4606,18,88,8,0,C1
4607,23,95,7,0,C1
4608,24,75,8,2,C3
4609,15,62,8,2,C3
4610,20,99,9,0,C1
4611,8,61,7,2,C3
4612,29,98,9,0,C1
4613,17,75,7,2,C3
4614,20,60,10,2,C3
4615,18,88,7,0,C1
4616,27,99,5,1,C2
4617,3,99,7,0,C1
4618,20,66,8,2,C3
4619,19,67,9,2,C3
4620,17,83,6,1,C2
4621,30,85,4,1,C2
4622,15,90,8,0,C1
4623,25,67,8,2,C3
4624,22,98,5,1,C2
4625,28,86,7,0,C1
4626,16,94,7,0,C1
4627,16,82,8,0,C1
4628,27,77,6,1,C2
4629,23,99,6,1,C2
4630,11,83,7,0,C1
4631,17,95,5,1,C2
4632,22,98,10,0,C1
4633,25,87,8,0,C1
4634,16,82,6,1,C2
4635,3,60,5,2,C3
4636,23,62,5,2,C3
4637,13,68,8,2,C3
4638,8,67,5,1,C2
4639,3,70,7,2,C3
4640,25,72,4,1,C2
4641,21,74,8,2,C3
4642,19,77,8,2,C3
4643,28,64,7,2,C3
4644,24,62,7,2,C3
4645,30,87,8,0,C1
4646,12,81,7,0,C1
4647,20,78,8,2,C3
4648,10,85,5,1,C2
4649,19,93,8,0,C1
4650,19,77,7,2,C3
4651,24,86,9,0,C1
4652,20,98,7,0,C1
4653,24,94,7,0,C1
4654,24,77,6,1,C2
4655,33,86,9,0,C1
4656,18,67,4,1,C2
4657,14,82,8,0,C1
4658,21,99,7,0,C1
4659,15,81,7,0,C1
4660,29,97,7,0,C1
4661,18,76,7,2,C3
4662,17,100,8,0,C1
4663,17,83,6,1,C2
4664,24,62,7,2,C3
4665,19,83,8,0,C1
4666,16,71,6,2,C3
4667,30,61,8,2,C3
4668,15,93,8,0,C1
4669,20,71,6,2,C3
4670,24,92,5,1,C2
4671,10,72,6,1,C2
4672,23,68,7,2,C3
4673,14,99,7,0,C1
4674,25,74,9,2,C3
4675,14,84,6,1,C2
4676,24,84,6,1,C2
4677,27,82,8,0,C1
4678,25,97,6,1,C2
4679,22,87,6,1,C2
4680,19,76,6,1,C2
4681,17,94,4,1,C2
4682,29,67,8,2,C3
4683,16,82,8,0,C1
4684,14,98,8,0,C1
4685,24,85,10,0,C1
4686,15,93,9,0,C1
4687,14,86,6,1,C2
4688,11,94,9,0,C1
4689,17,98,7,0,C1
4690,20,71,6,2,C3
4691,21,67,6,2,C3
4692,26,79,7,2,C3
4693,23,88,7,0,C1
4694,19,69,9,2,C3
4695,19,60,8,2,C3
4696,23,74,6,1,C2
4697,28,99,5,1,C2
4698,21,88,8,0,C1
4699,17,76,8,2,C3
4700,14,68,9,2,C3
4701,11,74,7,2,C3
4702,24,67,8,2,C3
4703,23,64,8,2,C3
4704,23,96,5,1,C2
4705,19,100,7,0,C1
4706,28,67,8,2,C3
4707,17,62,8,2,C3
4708,26,73,7,2,C3
4709,20,78,10,0,C1
4710,16,68,10,2,C3
4711,24,72,7,2,C3
4712,22,68,7,2,C3
4713,22,91,8,0,C1
4714,20,89,7,0,C1
4715,20,85,9,0,C1
4716,34,75,5,1,C2
4717,27,96,7,0,C1
4718,24,99,8,0,C1
4719,21,67,9,2,C3
4720,26,69,5,1,C2
4721,23,81,6,1,C2
4722,20,64,4,1,C2
4723,18,77,6,1,C2
4724,20,83,5,1,C2
4725,1,81,8,0,C1
4726,21,73,7,2,C3
4727,17,82,7,0,C1
4728,30,98,7,0,C1
4729,20,68,9,2,C3
4730,13,86,5,1,C2
4731,20,62,4,1,C2
4732,14,63,8,2,C3
4733,23,82,6,1,C2
4734,22,64,5,2,C3
4735,26,61,8,2,C3
4736,15,67,4,1,C2
4737,20,83,6,1,C2
4738,12,88,4,1,C2
4739,24,68,7,2,C3
4740,23,87,9,0,C1
4741,23,67,6,2,C3
4742,20,85,6,1,C2
4743,22,76,10,0,C1
4744,30,86,8,0,C1
4745,18,100,10,0,C1
4746,21,98,7,0,C1
4747,13,60,7,2,C3
4748,15,95,9,0,C1
4749,21,63,7,2,C3
4750,27,98,7,0,C1
4751,18,71,4,1,C2
4752,19,75,10,0,C1
4753,18,64,8,2,C3
4754,17,64,7,2,C3
4755,22,89,8,0,C1
4756,11,98,5,1,C2
4757,28,84,6,1,C2
4758,16,89,8,0,C1
4759,24,90,7,0,C1
4760,12,71,8,2,C3
4761,24,62,7,2,C3
4762,24,60,8,2,C3
4763,22,74,5,1,C2
4764,14,70,9,2,C3
4765,21,62,6,2,C3
4766,13,67,7,2,C3
4767,18,65,6,2,C3
4768,26,97,7,0,C1
4769,25,66,7,2,C3
4770,20,82,8,0,C1
4771,14,84,8,0,C1
4772,24,82,8,0,C1
4773,20,64,6,2,C3
4774,6,73,8,2,C3
4775,25,62,7,2,C3
4776,20,76,7,2,C3
4777,27,68,8,2,C3
4778,13,82,5,1,C2
4779,1,88,4,1,C2
4780,22,81,9,0,C1
4781,22,77,7,2,C3
4782,10,75,8,2,C3
4783,14,94,6,1,C2
4784,37,69,9,2,C3
4785,18,89,8,0,C1
4786,24,90,7,0,C1
4787,16,77,7,2,C3
4788,7,72,4,1,C2
4789,19,79,8,0,C1
4790,18,64,9,2,C3
4791,18,62,7,2,C3
4792,19,64,7,2,C3
4793,22,67,7,2,C3
4794,19,80,9,0,C1
4795,12,94,9,0,C1
4796,23,69,6,2,C3
4797,8,97,8,0,C1
4798,8,98,7,0,C1
4799,24,98,8,0,C1
4800,23,94,6,1,C2
4801,20,75,9,2,C3
4802,12,63,8,2,C3
4803,16,83,9,0,C1
4804,18,82,5,1,C2
4805,10,94,5,1,C2
4806,16,100,10,0,C1
4807,24,80,9,0,C1
4808,29,74,6,2,C3
4809,17,67,8,2,C3
4810,25,60,6,2,C3
4811,9,80,4,1,C2
4812,24,82,4,1,C2
4813,15,93,7,0,C1
4814,22,80,9,0,C1
4815,19,97,9,0,C1
4816,28,85,9,0,C1
4817,15,94,8,0,C1
4818,24,66,7,2,C3
4819,18,94,9,0,C1
4820,19,87,4,1,C2
4821,19,67,8,2,C3
4822,15,68,5,1,C2
4823,20,97,6,1,C2
4824,20,61,8,2,C3
4825,21,79,8,0,C1
4826,21,73,6,2,C3
4827,25,87,8,0,C1
4828,26,94,8,0,C1
4829,14,74,7,2,C3
4830,25,77,7,2,C3
4831,13,99,10,0,C1
4832,24,91,7,0,C1
4833,24,96,7,0,C1
4834,9,78,7,2,C3
4835,21,69,7,2,C3
4836,17,76,8,2,C3
4837,15,89,9,0,C1
4838,28,64,7,2,C3
4839,16,71,6,2,C3
4840,15,62,10,2,C3
4841,20,77,7,2,C3
4842,24,93,4,1,C2
4843,19,61,10,2,C3
4844,27,87,9,0,C1
4845,23,97,9,0,C1
4846,7,69,9,2,C3
4847,17,88,10,0,C1
4848,17,99,5,1,C2
4849,23,98,6,1,C2
4850,4,69,6,2,C3
4851,35,64,6,2,C3
4852,23,66,7,2,C3
4853,21,88,6,1,C2
4854,27,89,5,1,C2
4855,34,87,6,1,C2
4856,25,73,7,2,C3
4857,26,67,9,2,C3
4858,21,83,6,1,C2
4859,19,79,8,0,C1
4860,17,89,5,1,C2
4861,15,78,4,1,C2
4862,16,74,7,2,C3
4863,12,72,6,1,C2
4864,20,68,6,2,C3
4865,10,71,6,2,C3
4866,21,64,6,2,C3
4867,20,74,6,1,C2
4868,21,61,6,2,C3
4869,17,67,5,1,C2
4870,38,90,4,1,C2
4871,28,73,4,1,C2
4872,13,87,10,0,C1
4873,21,89,7,0,C1
4874,16,83,9,0,C1
4875,14,98,7,0,C1
4876,12,61,7,2,C3
4877,23,90,7,0,C1
4878,16,98,8,0,C1
4879,26,94,5,1,C2
4880,26,67,6,2,C3
4881,28,73,7,2,C3
4882,15,67,4,1,C2
4883,23,84,9,0,C1
4884,24,88,9,0,C1
4885,17,73,4,1,C2
4886,15,82,6,1,C2
4887,30,88,7,0,C1
4888,21,77,8,2,C3
4889,24,94,9,0,C1
4890,15,91,6,1,C2
4891,13,63,10,2,C3
4892,17,85,7,0,C1
4893,19,69,7,2,C3
4894,14,82,8,0,C1
4895,20,98,7,0,C1
4896,10,95,7,0,C1
4897,13,76,10,0,C1
4898,24,72,7,2,C3
4899,24,69,6,2,C3
4900,18,81,6,1,C2
4901,14,65,9,2,C3
4902,14,82,8,0,C1
4903,18,60,5,2,C3
4904,24,73,5,1,C2
4905,26,69,7,2,C3
4906,17,99,8,0,C1
4907,13,89,6,1,C2
4908,22,74,4,1,C2
4909,15,64,5,1,C2
4910,17,81,9,0,C1
4911,28,69,8,2,C3
4912,25,81,9,0,C1
4913,21,93,9,0,C1
4914,12,85,6,1,C2
4915,21,85,6,1,C2
4916,26,82,7,0,C1
4917,18,97,8,0,C1
4918,28,97,9,0,C1
4919,28,81,10,0,C1
4920,30,72,8,2,C3
4921,22,78,8,2,C3
4922,24,67,10,2,C3
4923,28,85,7,0,C1
4924,23,80,9,0,C1
4925,17,64,8,2,C3
4926,17,68,8,2,C3
4927,21,79,7,2,C3
4928,12,96,5,1,C2
4929,19,83,8,0,C1
4930,27,87,8,0,C1
4931,7,74,6,1,C2
4932,29,83,7,0,C1
4933,27,78,6,1,C2
4934,17,86,6,1,C2
4935,23,62,6,2,C3
4936,20,80,5,1,C2
4937,27,72,6,2,C3
4938,26,73,8,2,C3
4939,12,98,9,0,C1
4940,24,67,10,2,C3
4941,19,72,6,2,C3
4942,20,80,9,0,C1
4943,16,95,8,0,C1
4944,30,77,7,2,C3
4945,26,90,8,0,C1
4946,16,94,9,0,C1
4947,12,72,6,1,C2
4948,18,76,6,1,C2
4949,23,74,6,1,C2
4950,21,93,6,1,C2
4951,28,62,9,2,C3
4952,25,72,6,2,C3
4953,26,87,6,1,C2
4954,22,83,7,0,C1
4955,12,77,7,2,C3
4956,19,82,6,1,C2
4957,26,68,10,2,C3
4958,20,77,6,1,C2
4959,23,80,7,2,C3
4960,18,96,4,1,C2
4961,14,70,7,2,C3
4962,19,95,5,1,C2
4963,22,86,6,1,C2
4964,16,61,4,1,C2
4965,19,89,6,1,C2
4966,14,61,7,2,C3
4967,27,100,7,0,C1
4968,18,95,6,1,C2
4969,29,72,7,2,C3
4970,29,70,6,2,C3
4971,20,75,7,2,C3
4972,14,74,7,2,C3
4973,7,75,7,2,C3
4974,11,73,7,2,C3
4975,12,85,6,1,C2
4976,28,67,8,2,C3
4977,21,94,8,0,C1
4978,22,92,7,0,C1
4979,7,79,9,0,C1
4980,13,94,7,0,C1
4981,25,70,7,2,C3
4982,22,61,7,2,C3
4983,19,85,7,0,C1
4984,23,78,6,1,C2
4985,30,83,4,1,C2
4986,19,96,7,0,C1
4987,20,99,8,0,C1
4988,21,85,5,1,C2
4989,34,91,9,0,C1
4990,7,63,5,1,C2
4991,24,66,6,2,C3
4992,19,89,10,0,C1
4993,23,77,8,2,C3
4994,16,78,7,2,C3
4995,20,72,7,2,C3
4996,24,84,9,0,C1
4997,39,67,5,2,C3
4998,25,85,9,0,C1
